layout,drawables
"analysis/phase3_compat/apk_dec/res/layout/abc_action_bar_title_item.xml",""
"analysis/phase3_compat/apk_dec/res/layout/abc_action_bar_up_container.xml",""
"analysis/phase3_compat/apk_dec/res/layout/abc_action_menu_item_layout.xml",""
"analysis/phase3_compat/apk_dec/res/layout/abc_action_menu_layout.xml",""
"analysis/phase3_compat/apk_dec/res/layout/abc_action_mode_bar.xml",""
"analysis/phase3_compat/apk_dec/res/layout/abc_action_mode_close_item_material.xml",""
"analysis/phase3_compat/apk_dec/res/layout/abc_activity_chooser_view.xml",""
"analysis/phase3_compat/apk_dec/res/layout/abc_activity_chooser_view_list_item.xml",""
"analysis/phase3_compat/apk_dec/res/layout/abc_alert_dialog_button_bar_material.xml",""
"analysis/phase3_compat/apk_dec/res/layout/abc_alert_dialog_material.xml",""
"analysis/phase3_compat/apk_dec/res/layout/abc_alert_dialog_title_material.xml",""
"analysis/phase3_compat/apk_dec/res/layout/abc_cascading_menu_item_layout.xml","abc_list_divider_material"
"analysis/phase3_compat/apk_dec/res/layout/abc_dialog_title_material.xml",""
"analysis/phase3_compat/apk_dec/res/layout/abc_expanded_menu_layout.xml",""
"analysis/phase3_compat/apk_dec/res/layout/abc_list_menu_item_checkbox.xml",""
"analysis/phase3_compat/apk_dec/res/layout/abc_list_menu_item_icon.xml",""
"analysis/phase3_compat/apk_dec/res/layout/abc_list_menu_item_layout.xml",""
"analysis/phase3_compat/apk_dec/res/layout/abc_list_menu_item_radio.xml",""
"analysis/phase3_compat/apk_dec/res/layout/abc_popup_menu_header_item_layout.xml",""
"analysis/phase3_compat/apk_dec/res/layout/abc_popup_menu_item_layout.xml","abc_list_divider_material"
"analysis/phase3_compat/apk_dec/res/layout/abc_screen_content_include.xml",""
"analysis/phase3_compat/apk_dec/res/layout/abc_screen_simple.xml",""
"analysis/phase3_compat/apk_dec/res/layout/abc_screen_simple_overlay_action_mode.xml",""
"analysis/phase3_compat/apk_dec/res/layout/abc_screen_toolbar.xml",""
"analysis/phase3_compat/apk_dec/res/layout/abc_search_dropdown_item_icons_2line.xml",""
"analysis/phase3_compat/apk_dec/res/layout/abc_search_view.xml",""
"analysis/phase3_compat/apk_dec/res/layout/abc_select_dialog_material.xml",""
"analysis/phase3_compat/apk_dec/res/layout/abc_tooltip.xml",""
"analysis/phase3_compat/apk_dec/res/layout/accomplishment.xml",""
"analysis/phase3_compat/apk_dec/res/layout/accomplishmentsview.xml",""
"analysis/phase3_compat/apk_dec/res/layout/auctionview.xml","background_transparent"
"analysis/phase3_compat/apk_dec/res/layout/bidview.xml","clock|wappen01_normal"
"analysis/phase3_compat/apk_dec/res/layout/browser_actions_context_menu_page.xml",""
"analysis/phase3_compat/apk_dec/res/layout/browser_actions_context_menu_row.xml",""
"analysis/phase3_compat/apk_dec/res/layout/buttoncellview.xml",""
"analysis/phase3_compat/apk_dec/res/layout/challenges.xml",""
"analysis/phase3_compat/apk_dec/res/layout/changeoriginpopup.xml","arrow_left_selector|arrow_right_selector"
"analysis/phase3_compat/apk_dec/res/layout/chatlistitem.xml",""
"analysis/phase3_compat/apk_dec/res/layout/chatmessage.xml","wappen01_normal"
"analysis/phase3_compat/apk_dec/res/layout/chatview.xml","arrow_up_selector|background_chat"
"analysis/phase3_compat/apk_dec/res/layout/clubinfonew.xml","bluebg|matchesbg|stadium1|wappen01_normal"
"analysis/phase3_compat/apk_dec/res/layout/clubnewscell.xml","background_transparent"
"analysis/phase3_compat/apk_dec/res/layout/collectioncellequipment.xml","shop_blank|wappen01_normal"
"analysis/phase3_compat/apk_dec/res/layout/collectioncellimage.xml",""
"analysis/phase3_compat/apk_dec/res/layout/collectioncellimagetext.xml","transparent_selector"
"analysis/phase3_compat/apk_dec/res/layout/collectioncellshop.xml","shop_blank"
"analysis/phase3_compat/apk_dec/res/layout/com_facebook_activity_layout.xml",""
"analysis/phase3_compat/apk_dec/res/layout/com_facebook_device_auth_dialog_fragment.xml","com_facebook_auth_dialog_background|com_facebook_auth_dialog_cancel_background|com_facebook_auth_dialog_header_background|com_facebook_favicon_blue"
"analysis/phase3_compat/apk_dec/res/layout/com_facebook_login_fragment.xml",""
"analysis/phase3_compat/apk_dec/res/layout/com_facebook_smart_device_dialog_fragment.xml","com_facebook_auth_dialog_background|com_facebook_auth_dialog_cancel_background|com_facebook_auth_dialog_header_background|com_facebook_favicon_blue"
"analysis/phase3_compat/apk_dec/res/layout/com_facebook_tooltip_bubble.xml","com_facebook_tooltip_blue_background|com_facebook_tooltip_blue_bottomnub|com_facebook_tooltip_blue_topnub|com_facebook_tooltip_blue_xout"
"analysis/phase3_compat/apk_dec/res/layout/combobox.xml","background_combobox"
"analysis/phase3_compat/apk_dec/res/layout/compareclub.xml","trikot0|trikot1|wappen01_normal"
"analysis/phase3_compat/apk_dec/res/layout/compareforeignteam.xml","wappen01_normal|wappen02_normal"
"analysis/phase3_compat/apk_dec/res/layout/comparepopup.xml","background|background_green|button_compare_selector"
"analysis/phase3_compat/apk_dec/res/layout/contextmenuitem.xml","submenuitem_selector"
"analysis/phase3_compat/apk_dec/res/layout/contractpopup.xml","contract"
"analysis/phase3_compat/apk_dec/res/layout/custom_dialog.xml",""
"analysis/phase3_compat/apk_dec/res/layout/design_bottom_navigation_item.xml",""
"analysis/phase3_compat/apk_dec/res/layout/design_bottom_sheet_dialog.xml",""
"analysis/phase3_compat/apk_dec/res/layout/design_layout_snackbar.xml",""
"analysis/phase3_compat/apk_dec/res/layout/design_layout_snackbar_include.xml",""
"analysis/phase3_compat/apk_dec/res/layout/design_layout_tab_icon.xml",""
"analysis/phase3_compat/apk_dec/res/layout/design_layout_tab_text.xml",""
"analysis/phase3_compat/apk_dec/res/layout/design_menu_item_action_area.xml",""
"analysis/phase3_compat/apk_dec/res/layout/design_navigation_item.xml",""
"analysis/phase3_compat/apk_dec/res/layout/design_navigation_item_header.xml",""
"analysis/phase3_compat/apk_dec/res/layout/design_navigation_item_separator.xml",""
"analysis/phase3_compat/apk_dec/res/layout/design_navigation_item_subheader.xml",""
"analysis/phase3_compat/apk_dec/res/layout/design_navigation_menu.xml",""
"analysis/phase3_compat/apk_dec/res/layout/design_navigation_menu_item.xml",""
"analysis/phase3_compat/apk_dec/res/layout/design_text_input_end_icon.xml",""
"analysis/phase3_compat/apk_dec/res/layout/design_text_input_start_icon.xml",""
"analysis/phase3_compat/apk_dec/res/layout/detailedplayerinfo.xml","background_transparent|button_green_selector|fav_icon"
"analysis/phase3_compat/apk_dec/res/layout/dialogpopup.xml",""
"analysis/phase3_compat/apk_dec/res/layout/entrypopup.xml",""
"analysis/phase3_compat/apk_dec/res/layout/equipment.xml",""
"analysis/phase3_compat/apk_dec/res/layout/expand_button.xml",""
"analysis/phase3_compat/apk_dec/res/layout/financehistory.xml",""
"analysis/phase3_compat/apk_dec/res/layout/financetab.xml","background_combobox"
"analysis/phase3_compat/apk_dec/res/layout/friends.xml",""
"analysis/phase3_compat/apk_dec/res/layout/friendsinvite.xml","share_facebook|share_messenger|share_other|share_whatsapp"
"analysis/phase3_compat/apk_dec/res/layout/friendssearchview.xml","background_darkgreen"
"analysis/phase3_compat/apk_dec/res/layout/gamecourselivecell.xml",""
"analysis/phase3_compat/apk_dec/res/layout/gamecourseliveview.xml",""
"analysis/phase3_compat/apk_dec/res/layout/goalgettersview.xml",""
"analysis/phase3_compat/apk_dec/res/layout/gradientprogressbar.xml","background_greenwithstroke|rounded_corners_shape_small"
"analysis/phase3_compat/apk_dec/res/layout/gtswitcher.xml","switchbg2|switchhandle"
"analysis/phase3_compat/apk_dec/res/layout/hs__action_download_layout.xml","hs__action_download|hs__action_download_background"
"analysis/phase3_compat/apk_dec/res/layout/hs__action_view_search.xml",""
"analysis/phase3_compat/apk_dec/res/layout/hs__admin_csat_bot_holder.xml",""
"analysis/phase3_compat/apk_dec/res/layout/hs__admin_csat_message.xml",""
"analysis/phase3_compat/apk_dec/res/layout/hs__attachment_picker_bottom_sheet.xml",""
"analysis/phase3_compat/apk_dec/res/layout/hs__attachment_picker_list_item.xml",""
"analysis/phase3_compat/apk_dec/res/layout/hs__attachment_preview_fragment.xml",""
"analysis/phase3_compat/apk_dec/res/layout/hs__attachment_preview_layout.xml","hs__file_preview_icon|hs__send_button_with_border"
"analysis/phase3_compat/apk_dec/res/layout/hs__authentication_failure_fragment.xml","hs__error_icon"
"analysis/phase3_compat/apk_dec/res/layout/hs__badge_layout.xml","hs__rounded_corner_rectangle"
"analysis/phase3_compat/apk_dec/res/layout/hs__bottomsheet_wrapper.xml",""
"analysis/phase3_compat/apk_dec/res/layout/hs__campaign_action_view_search.xml",""
"analysis/phase3_compat/apk_dec/res/layout/hs__campaign_detail_fragment.xml",""
"analysis/phase3_compat/apk_dec/res/layout/hs__campaign_expired_message_view.xml","hs__cam_inbox_expired_campaign"
"analysis/phase3_compat/apk_dec/res/layout/hs__campaign_inbox_fragment.xml","hs__logo"
"analysis/phase3_compat/apk_dec/res/layout/hs__campaign_list_fragment.xml",""
"analysis/phase3_compat/apk_dec/res/layout/hs__campaign_parent_activity.xml",""
"analysis/phase3_compat/apk_dec/res/layout/hs__campaign_recycler_view_item.xml",""
"analysis/phase3_compat/apk_dec/res/layout/hs__collapsed_picker_header.xml","hs__expand"
"analysis/phase3_compat/apk_dec/res/layout/hs__conversation_fragment.xml",""
"analysis/phase3_compat/apk_dec/res/layout/hs__conversation_layout.xml","hs__pill_small|hs__scroll_jump_indicator|hs__skip_pill_background"
"analysis/phase3_compat/apk_dec/res/layout/hs__csat_bot_view.xml",""
"analysis/phase3_compat/apk_dec/res/layout/hs__csat_dialog.xml",""
"analysis/phase3_compat/apk_dec/res/layout/hs__csat_holder.xml",""
"analysis/phase3_compat/apk_dec/res/layout/hs__csat_view.xml",""
"analysis/phase3_compat/apk_dec/res/layout/hs__dynamic_form_fragment.xml",""
"analysis/phase3_compat/apk_dec/res/layout/hs__expanded_picker_header.xml","hs__back|hs__close|hs__collapse|hs__picker_search"
"analysis/phase3_compat/apk_dec/res/layout/hs__faq_flow_fragment.xml",""
"analysis/phase3_compat/apk_dec/res/layout/hs__faq_fragment.xml",""
"analysis/phase3_compat/apk_dec/res/layout/hs__history_loading_view_layout.xml",""
"analysis/phase3_compat/apk_dec/res/layout/hs__issue_archival_message_view_holder.xml",""
"analysis/phase3_compat/apk_dec/res/layout/hs__list_item_leaf_intent.xml",""
"analysis/phase3_compat/apk_dec/res/layout/hs__list_item_search_intent.xml",""
"analysis/phase3_compat/apk_dec/res/layout/hs__list_item_smart_intent.xml","hs__disclosure"
"analysis/phase3_compat/apk_dec/res/layout/hs__messages_list_footer.xml",""
"analysis/phase3_compat/apk_dec/res/layout/hs__msg_admin_action_card.xml","hs__placeholder_image"
"analysis/phase3_compat/apk_dec/res/layout/hs__msg_admin_suggesstion_item.xml","hs__disclosure"
"analysis/phase3_compat/apk_dec/res/layout/hs__msg_admin_suggesstions_container.xml",""
"analysis/phase3_compat/apk_dec/res/layout/hs__msg_agent_typing.xml",""
"analysis/phase3_compat/apk_dec/res/layout/hs__msg_attachment_generic.xml","hs__attach_screenshot_action_button"
"analysis/phase3_compat/apk_dec/res/layout/hs__msg_attachment_image.xml",""
"analysis/phase3_compat/apk_dec/res/layout/hs__msg_csat_user_rsp.xml","hs_action_retry"
"analysis/phase3_compat/apk_dec/res/layout/hs__msg_publish_id_layout.xml",""
"analysis/phase3_compat/apk_dec/res/layout/hs__msg_request_screenshot.xml",""
"analysis/phase3_compat/apk_dec/res/layout/hs__msg_review_request.xml",""
"analysis/phase3_compat/apk_dec/res/layout/hs__msg_screenshot_status.xml","hs_action_retry"
"analysis/phase3_compat/apk_dec/res/layout/hs__msg_smart_intent_txt_user.xml","hs_action_retry"
"analysis/phase3_compat/apk_dec/res/layout/hs__msg_system_conversation_redacted_layout.xml",""
"analysis/phase3_compat/apk_dec/res/layout/hs__msg_system_divider_layout.xml",""
"analysis/phase3_compat/apk_dec/res/layout/hs__msg_system_layout.xml",""
"analysis/phase3_compat/apk_dec/res/layout/hs__msg_txt_admin.xml",""
"analysis/phase3_compat/apk_dec/res/layout/hs__msg_txt_user.xml","hs_action_retry"
"analysis/phase3_compat/apk_dec/res/layout/hs__msg_user_attachment_generic.xml","hs__attach_screenshot_action_button|hs_action_retry"
"analysis/phase3_compat/apk_dec/res/layout/hs__msg_user_selectable_option.xml",""
"analysis/phase3_compat/apk_dec/res/layout/hs__msg_user_selectable_options_container.xml",""
"analysis/phase3_compat/apk_dec/res/layout/hs__new_conversation_fragment.xml",""
"analysis/phase3_compat/apk_dec/res/layout/hs__new_conversation_layout.xml","hs__attachment_icon|hs__screenshot_clear"
"analysis/phase3_compat/apk_dec/res/layout/hs__parent_activity.xml",""
"analysis/phase3_compat/apk_dec/res/layout/hs__picker_layout.xml",""
"analysis/phase3_compat/apk_dec/res/layout/hs__picker_option.xml",""
"analysis/phase3_compat/apk_dec/res/layout/hs__question_list_fragment.xml",""
"analysis/phase3_compat/apk_dec/res/layout/hs__search_fragment.xml",""
"analysis/phase3_compat/apk_dec/res/layout/hs__search_list_footer.xml",""
"analysis/phase3_compat/apk_dec/res/layout/hs__search_result_footer.xml",""
"analysis/phase3_compat/apk_dec/res/layout/hs__search_result_fragment.xml",""
"analysis/phase3_compat/apk_dec/res/layout/hs__search_result_header.xml",""
"analysis/phase3_compat/apk_dec/res/layout/hs__search_result_layout.xml",""
"analysis/phase3_compat/apk_dec/res/layout/hs__section_divider.xml",""
"analysis/phase3_compat/apk_dec/res/layout/hs__section_list_fragment.xml",""
"analysis/phase3_compat/apk_dec/res/layout/hs__section_pager_fragment.xml",""
"analysis/phase3_compat/apk_dec/res/layout/hs__simple_list_item_1.xml",""
"analysis/phase3_compat/apk_dec/res/layout/hs__single_question_fragment.xml",""
"analysis/phase3_compat/apk_dec/res/layout/hs__single_question_layout_with_cardview.xml",""
"analysis/phase3_compat/apk_dec/res/layout/hs__smart_intents_container.xml","hs__action_search|hs__close|hs__collapse|hs__expand|hs__si_close_search"
"analysis/phase3_compat/apk_dec/res/layout/hs__support_fragment.xml","hs__logo"
"analysis/phase3_compat/apk_dec/res/layout/hs__user_setup_fragment.xml","hs__error_icon"
"analysis/phase3_compat/apk_dec/res/layout/hs_simple_recycler_view_item.xml",""
"analysis/phase3_compat/apk_dec/res/layout/image_frame.xml",""
"analysis/phase3_compat/apk_dec/res/layout/imagebuttonview.xml",""
"analysis/phase3_compat/apk_dec/res/layout/imagecellview.xml",""
"analysis/phase3_compat/apk_dec/res/layout/imagetextcellview.xml",""
"analysis/phase3_compat/apk_dec/res/layout/individualtrainingview.xml","background_darkgreen|background_greenwithstroke"
"analysis/phase3_compat/apk_dec/res/layout/infopopup.xml",""
"analysis/phase3_compat/apk_dec/res/layout/introvideo.xml",""
"analysis/phase3_compat/apk_dec/res/layout/laddermatchresult.xml","background_extradarktransparent"
"analysis/phase3_compat/apk_dec/res/layout/laddermessage.xml","background_darkgreen"
"analysis/phase3_compat/apk_dec/res/layout/ladderpopup.xml","background_ladder_speedup|background_lightgreen_rounded|background_score|trikot0|trikot1|wappen01_normal|wappen02_normal"
"analysis/phase3_compat/apk_dec/res/layout/ladderpopupanim.xml","background_ladder_speedup|background_lightgreen_rounded|background_score|trikot0|trikot1|wappen01_normal|wappen02_normal"
"analysis/phase3_compat/apk_dec/res/layout/lineupformation.xml","background_dark_nocorners|background_greenwithstroke|soccerfield"
"analysis/phase3_compat/apk_dec/res/layout/lineupoptionspopup.xml",""
"analysis/phase3_compat/apk_dec/res/layout/liverow.xml",""
"analysis/phase3_compat/apk_dec/res/layout/liveview.xml","background_darktransparent|background_transparent|gradient_green_transparent|score_bg|trikot0|trikot1|wappen01_normal|wappen02_normal"
"analysis/phase3_compat/apk_dec/res/layout/loading.xml","background"
"analysis/phase3_compat/apk_dec/res/layout/login.xml","background_darktransparent"
"analysis/phase3_compat/apk_dec/res/layout/maildetails.xml","arrow_down_selector|arrow_up_selector|characters_coach|tabletbottom|tabletbottomleft|tabletbottomright|tabletleft|tabletright|tablettop|tablettopleft|tablettopright"
"analysis/phase3_compat/apk_dec/res/layout/mailstable.xml",""
"analysis/phase3_compat/apk_dec/res/layout/mainlayout.xml","background|background_shadow|badge_circle|balance_medipacks|balance_money|balance_plus|balance_star|button_back_selector|button_chat_selector|button_helpshift_selector|loadingscreen|menu_selector|navigationbar|submenu_selector|tab_middle_inactive"
"analysis/phase3_compat/apk_dec/res/layout/mainmenucell.xml","menu_row_selector"
"analysis/phase3_compat/apk_dec/res/layout/mainsettings.xml","background_transparent"
"analysis/phase3_compat/apk_dec/res/layout/matchinfoview.xml","arrow_right_selector|exclamation|menu_league|transparent_selector|wappen01_normal|wappen02_normal"
"analysis/phase3_compat/apk_dec/res/layout/material_chip_input_combo.xml",""
"analysis/phase3_compat/apk_dec/res/layout/material_clock_display.xml",""
"analysis/phase3_compat/apk_dec/res/layout/material_clock_display_divider.xml",""
"analysis/phase3_compat/apk_dec/res/layout/material_clock_period_toggle.xml",""
"analysis/phase3_compat/apk_dec/res/layout/material_clockface_textview.xml",""
"analysis/phase3_compat/apk_dec/res/layout/material_clockface_view.xml",""
"analysis/phase3_compat/apk_dec/res/layout/material_radial_view_group.xml",""
"analysis/phase3_compat/apk_dec/res/layout/material_textinput_timepicker.xml",""
"analysis/phase3_compat/apk_dec/res/layout/material_time_chip.xml",""
"analysis/phase3_compat/apk_dec/res/layout/material_time_input.xml","material_cursor_drawable"
"analysis/phase3_compat/apk_dec/res/layout/material_timepicker.xml",""
"analysis/phase3_compat/apk_dec/res/layout/material_timepicker_dialog.xml",""
"analysis/phase3_compat/apk_dec/res/layout/material_timepicker_textinput_display.xml",""
"analysis/phase3_compat/apk_dec/res/layout/mtrl_alert_dialog.xml",""
"analysis/phase3_compat/apk_dec/res/layout/mtrl_alert_dialog_actions.xml",""
"analysis/phase3_compat/apk_dec/res/layout/mtrl_alert_dialog_title.xml",""
"analysis/phase3_compat/apk_dec/res/layout/mtrl_alert_select_dialog_item.xml",""
"analysis/phase3_compat/apk_dec/res/layout/mtrl_alert_select_dialog_multichoice.xml",""
"analysis/phase3_compat/apk_dec/res/layout/mtrl_alert_select_dialog_singlechoice.xml",""
"analysis/phase3_compat/apk_dec/res/layout/mtrl_calendar_day.xml",""
"analysis/phase3_compat/apk_dec/res/layout/mtrl_calendar_day_of_week.xml",""
"analysis/phase3_compat/apk_dec/res/layout/mtrl_calendar_days_of_week.xml",""
"analysis/phase3_compat/apk_dec/res/layout/mtrl_calendar_horizontal.xml",""
"analysis/phase3_compat/apk_dec/res/layout/mtrl_calendar_month.xml",""
"analysis/phase3_compat/apk_dec/res/layout/mtrl_calendar_month_labeled.xml",""
"analysis/phase3_compat/apk_dec/res/layout/mtrl_calendar_month_navigation.xml","material_ic_keyboard_arrow_next_black_24dp|material_ic_keyboard_arrow_previous_black_24dp|material_ic_menu_arrow_down_black_24dp"
"analysis/phase3_compat/apk_dec/res/layout/mtrl_calendar_months.xml",""
"analysis/phase3_compat/apk_dec/res/layout/mtrl_calendar_vertical.xml",""
"analysis/phase3_compat/apk_dec/res/layout/mtrl_calendar_year.xml",""
"analysis/phase3_compat/apk_dec/res/layout/mtrl_layout_snackbar.xml",""
"analysis/phase3_compat/apk_dec/res/layout/mtrl_layout_snackbar_include.xml",""
"analysis/phase3_compat/apk_dec/res/layout/mtrl_navigation_rail_item.xml",""
"analysis/phase3_compat/apk_dec/res/layout/mtrl_picker_actions.xml",""
"analysis/phase3_compat/apk_dec/res/layout/mtrl_picker_dialog.xml",""
"analysis/phase3_compat/apk_dec/res/layout/mtrl_picker_fullscreen.xml",""
"analysis/phase3_compat/apk_dec/res/layout/mtrl_picker_header_dialog.xml",""
"analysis/phase3_compat/apk_dec/res/layout/mtrl_picker_header_fullscreen.xml","material_ic_clear_black_24dp"
"analysis/phase3_compat/apk_dec/res/layout/mtrl_picker_header_selection_text.xml",""
"analysis/phase3_compat/apk_dec/res/layout/mtrl_picker_header_title_text.xml",""
"analysis/phase3_compat/apk_dec/res/layout/mtrl_picker_header_toggle.xml",""
"analysis/phase3_compat/apk_dec/res/layout/mtrl_picker_text_input_date.xml",""
"analysis/phase3_compat/apk_dec/res/layout/mtrl_picker_text_input_date_range.xml",""
"analysis/phase3_compat/apk_dec/res/layout/multitextcellview.xml",""
"analysis/phase3_compat/apk_dec/res/layout/namebidcell.xml",""
"analysis/phase3_compat/apk_dec/res/layout/nodataview.xml",""
"analysis/phase3_compat/apk_dec/res/layout/notification_action.xml",""
"analysis/phase3_compat/apk_dec/res/layout/notification_action_tombstone.xml",""
"analysis/phase3_compat/apk_dec/res/layout/notification_media_action.xml",""
"analysis/phase3_compat/apk_dec/res/layout/notification_media_cancel_action.xml",""
"analysis/phase3_compat/apk_dec/res/layout/notification_template_big_media.xml",""
"analysis/phase3_compat/apk_dec/res/layout/notification_template_big_media_custom.xml",""
"analysis/phase3_compat/apk_dec/res/layout/notification_template_big_media_narrow.xml",""
"analysis/phase3_compat/apk_dec/res/layout/notification_template_big_media_narrow_custom.xml",""
"analysis/phase3_compat/apk_dec/res/layout/notification_template_custom_big.xml",""
"analysis/phase3_compat/apk_dec/res/layout/notification_template_icon_group.xml",""
"analysis/phase3_compat/apk_dec/res/layout/notification_template_lines_media.xml",""
"analysis/phase3_compat/apk_dec/res/layout/notification_template_media.xml",""
"analysis/phase3_compat/apk_dec/res/layout/notification_template_media_custom.xml",""
"analysis/phase3_compat/apk_dec/res/layout/notification_template_part_chronometer.xml",""
"analysis/phase3_compat/apk_dec/res/layout/notification_template_part_time.xml",""
"analysis/phase3_compat/apk_dec/res/layout/notificationssettings.xml","background_transparent_nocorners"
"analysis/phase3_compat/apk_dec/res/layout/playerdraggableview.xml","background_transparent"
"analysis/phase3_compat/apk_dec/res/layout/playerdropview.xml","background_transparent"
"analysis/phase3_compat/apk_dec/res/layout/playerinfocell.xml","balance_medipacks|live_redcard|transfer|trikot1"
"analysis/phase3_compat/apk_dec/res/layout/playermodel.xml","medikit"
"analysis/phase3_compat/apk_dec/res/layout/playerroundavatar.xml","selector_avatar"
"analysis/phase3_compat/apk_dec/res/layout/playerslivecell.xml",""
"analysis/phase3_compat/apk_dec/res/layout/playersliveheader.xml",""
"analysis/phase3_compat/apk_dec/res/layout/playersliveview.xml","background_transparent_nocorners|gradient_green_transparent"
"analysis/phase3_compat/apk_dec/res/layout/playerspecifications.xml","exclamation"
"analysis/phase3_compat/apk_dec/res/layout/popupmainlayout.xml","background_popup|button_close_selector|characters_anna_neutral|popup_background_green|rounded_corners_shape|tab_middle_inactive"
"analysis/phase3_compat/apk_dec/res/layout/preference.xml",""
"analysis/phase3_compat/apk_dec/res/layout/preference_category.xml",""
"analysis/phase3_compat/apk_dec/res/layout/preference_category_material.xml",""
"analysis/phase3_compat/apk_dec/res/layout/preference_dialog_edittext.xml",""
"analysis/phase3_compat/apk_dec/res/layout/preference_dropdown.xml",""
"analysis/phase3_compat/apk_dec/res/layout/preference_dropdown_material.xml",""
"analysis/phase3_compat/apk_dec/res/layout/preference_information.xml",""
"analysis/phase3_compat/apk_dec/res/layout/preference_information_material.xml",""
"analysis/phase3_compat/apk_dec/res/layout/preference_list_fragment.xml",""
"analysis/phase3_compat/apk_dec/res/layout/preference_material.xml",""
"analysis/phase3_compat/apk_dec/res/layout/preference_recyclerview.xml",""
"analysis/phase3_compat/apk_dec/res/layout/preference_widget_checkbox.xml",""
"analysis/phase3_compat/apk_dec/res/layout/preference_widget_seekbar.xml",""
"analysis/phase3_compat/apk_dec/res/layout/preference_widget_seekbar_material.xml",""
"analysis/phase3_compat/apk_dec/res/layout/preference_widget_switch.xml",""
"analysis/phase3_compat/apk_dec/res/layout/preference_widget_switch_compat.xml",""
"analysis/phase3_compat/apk_dec/res/layout/pricebutton.xml","balance_star"
"analysis/phase3_compat/apk_dec/res/layout/progress.xml","background_shadow|progress_ball|progress_glow"
"analysis/phase3_compat/apk_dec/res/layout/progressbar.xml","progress|progressbg"
"analysis/phase3_compat/apk_dec/res/layout/progresscell.xml",""
"analysis/phase3_compat/apk_dec/res/layout/quickregister.xml",""
"analysis/phase3_compat/apk_dec/res/layout/quicksearch.xml",""
"analysis/phase3_compat/apk_dec/res/layout/rangeslider.xml","bar_background|bar_highlight|handle"
"analysis/phase3_compat/apk_dec/res/layout/registernewplayer.xml",""
"analysis/phase3_compat/apk_dec/res/layout/registeruser.xml","background_darktransparent"
"analysis/phase3_compat/apk_dec/res/layout/scoutingdetailsview.xml","background_transparent"
"analysis/phase3_compat/apk_dec/res/layout/scoutingview.xml","background_darkgreen|background_darktransparent|background_transparent|characters_player_normalscout|characters_player_specialscout|separator"
"analysis/phase3_compat/apk_dec/res/layout/scrolltapitem.xml",""
"analysis/phase3_compat/apk_dec/res/layout/select_dialog_item_material.xml",""
"analysis/phase3_compat/apk_dec/res/layout/select_dialog_multichoice_material.xml",""
"analysis/phase3_compat/apk_dec/res/layout/select_dialog_singlechoice_material.xml",""
"analysis/phase3_compat/apk_dec/res/layout/shop.xml",""
"analysis/phase3_compat/apk_dec/res/layout/sidenotification.xml","background_notification|characters_manager01|menu_team"
"analysis/phase3_compat/apk_dec/res/layout/skill.xml","skill_card_0"
"analysis/phase3_compat/apk_dec/res/layout/skillcard.xml","skill_card_0|skill_card_badge|star_yellow"
"analysis/phase3_compat/apk_dec/res/layout/skillcardspopup.xml",""
"analysis/phase3_compat/apk_dec/res/layout/skillpopup.xml","popup_background_green"
"analysis/phase3_compat/apk_dec/res/layout/sponsordetailview.xml","background_sponsors|gradient_green_reversed|signature|stamp_signed"
"analysis/phase3_compat/apk_dec/res/layout/sponsoroffer.xml","background_sponsorscell"
"analysis/phase3_compat/apk_dec/res/layout/sponsoroffercards.xml","skill_card_icon"
"analysis/phase3_compat/apk_dec/res/layout/sponsorofferpremium.xml","background_premium|balance_star"
"analysis/phase3_compat/apk_dec/res/layout/sponsorsview.xml",""
"analysis/phase3_compat/apk_dec/res/layout/squad.xml","background_transparent_nocorners"
"analysis/phase3_compat/apk_dec/res/layout/squadskillitem.xml",""
"analysis/phase3_compat/apk_dec/res/layout/squadtabdetails.xml",""
"analysis/phase3_compat/apk_dec/res/layout/squadtabinfo.xml",""
"analysis/phase3_compat/apk_dec/res/layout/squadtabsell.xml","background_transparent|menu_transfermarket"
"analysis/phase3_compat/apk_dec/res/layout/squadtabskillcards.xml",""
"analysis/phase3_compat/apk_dec/res/layout/squadtabupgrade.xml","background_transparent"
"analysis/phase3_compat/apk_dec/res/layout/stadiumbuildingpopup.xml","arrow_in|background_darktransparent|building_fanshop04|exclamation|gradient_green|lock"
"analysis/phase3_compat/apk_dec/res/layout/stadiumlayout.xml","background_darktransparent|map"
"analysis/phase3_compat/apk_dec/res/layout/stadiumplacescounter.xml","arrow_down_selector|arrow_up_selector|background_greenwithstroke"
"analysis/phase3_compat/apk_dec/res/layout/stadiumpopupcontent.xml","background_transparent|gradient_green|lock"
"analysis/phase3_compat/apk_dec/res/layout/stadiumrenewgrasspopup.xml","building_stadion09|gradient_green"
"analysis/phase3_compat/apk_dec/res/layout/starterpackagepopup.xml","balance_medipacks|balance_money|balance_star|special_offer1"
"analysis/phase3_compat/apk_dec/res/layout/statisticsitemlayout.xml","headline_bg"
"analysis/phase3_compat/apk_dec/res/layout/statisticslayout.xml",""
"analysis/phase3_compat/apk_dec/res/layout/statisticsliveview.xml",""
"analysis/phase3_compat/apk_dec/res/layout/strengthview.xml",""
"analysis/phase3_compat/apk_dec/res/layout/support_simple_spinner_dropdown_item.xml",""
"analysis/phase3_compat/apk_dec/res/layout/tabbutton.xml","badge_circle"
"analysis/phase3_compat/apk_dec/res/layout/tabheader.xml",""
"analysis/phase3_compat/apk_dec/res/layout/tablecellimagebutton.xml","button_decline_selector"
"analysis/phase3_compat/apk_dec/res/layout/tablesection.xml",""
"analysis/phase3_compat/apk_dec/res/layout/tableview.xml",""
"analysis/phase3_compat/apk_dec/res/layout/tableviewcell.xml",""
"analysis/phase3_compat/apk_dec/res/layout/tableviewheader.xml",""
"analysis/phase3_compat/apk_dec/res/layout/tabview.xml","navigationbar|tab_inactive"
"analysis/phase3_compat/apk_dec/res/layout/tacticsprogressbar.xml",""
"analysis/phase3_compat/apk_dec/res/layout/tactictrainingview.xml","background_transparent|tactic_table_cell|tactic_table_title"
"analysis/phase3_compat/apk_dec/res/layout/teaminfocell.xml",""
"analysis/phase3_compat/apk_dec/res/layout/teamtrainingview.xml","background_transparent"
"analysis/phase3_compat/apk_dec/res/layout/test_action_chip.xml",""
"analysis/phase3_compat/apk_dec/res/layout/test_chip_zero_corner_radius.xml",""
"analysis/phase3_compat/apk_dec/res/layout/test_design_checkbox.xml",""
"analysis/phase3_compat/apk_dec/res/layout/test_design_radiobutton.xml",""
"analysis/phase3_compat/apk_dec/res/layout/test_navigation_bar_item_layout.xml",""
"analysis/phase3_compat/apk_dec/res/layout/test_reflow_chipgroup.xml",""
"analysis/phase3_compat/apk_dec/res/layout/test_toolbar.xml",""
"analysis/phase3_compat/apk_dec/res/layout/test_toolbar_custom_background.xml","test_custom_background"
"analysis/phase3_compat/apk_dec/res/layout/test_toolbar_elevation.xml",""
"analysis/phase3_compat/apk_dec/res/layout/test_toolbar_surface.xml",""
"analysis/phase3_compat/apk_dec/res/layout/text_view_with_line_height_from_appearance.xml",""
"analysis/phase3_compat/apk_dec/res/layout/text_view_with_line_height_from_layout.xml",""
"analysis/phase3_compat/apk_dec/res/layout/text_view_with_line_height_from_style.xml",""
"analysis/phase3_compat/apk_dec/res/layout/text_view_with_theme_line_height.xml",""
"analysis/phase3_compat/apk_dec/res/layout/text_view_without_line_height.xml",""
"analysis/phase3_compat/apk_dec/res/layout/textcellview.xml","background_green"
"analysis/phase3_compat/apk_dec/res/layout/texttimer.xml",""
"analysis/phase3_compat/apk_dec/res/layout/textvaluecell.xml","background_green"
"analysis/phase3_compat/apk_dec/res/layout/textvalueview.xml",""
"analysis/phase3_compat/apk_dec/res/layout/timerbuttoncell.xml",""
"analysis/phase3_compat/apk_dec/res/layout/timercell.xml",""
"analysis/phase3_compat/apk_dec/res/layout/trainingcampitem.xml","background_darktransparent"
"analysis/phase3_compat/apk_dec/res/layout/trainingcampview.xml","background_transparent"
"analysis/phase3_compat/apk_dec/res/layout/trainingprogresslayout.xml","background_transparent_nocorners"
"analysis/phase3_compat/apk_dec/res/layout/transfermarkettable.xml",""
"analysis/phase3_compat/apk_dec/res/layout/tutorialpopup.xml","balance_medipacks|balance_money|balance_star"
