player_id,player_name,season,manager_persona,position_group,talent,fitness,start_age,age_end,strength_end,avg_daily_gain,sold,sold_fee_money
P-16-NEW-01,Luca Weber,1,NewManagerBot,2,9,100,16,17,79.360,0.512,False,0
P-16-NEW-01,Luca Weber,2,NewManagerBot,2,9,100,16,18,100.495,0.704,False,0
P-16-NEW-01,Luca Weber,3,NewManagerBot,2,9,100,16,19,125.830,0.844,False,0
P-16-NEW-01,Luca Weber,4,NewManagerBot,2,9,100,16,20,145.030,0.640,False,0
P-16-NEW-01,Luca Weber,5,NewManagerBot,2,9,100,16,21,162.130,0.570,False,0
P-16-NEW-01,Luca Weber,6,NewManagerBot,2,9,100,16,22,179.755,0.588,False,0
P-16-NEW-01,Luca Weber,7,NewManagerBot,2,9,100,16,23,201.055,0.710,False,0
P-16-NEW-01,Luca Weber,8,NewManagerBot,2,9,100,16,24,216.550,0.516,False,0
P-16-NEW-01,Luca Weber,9,NewManagerBot,2,9,100,16,25,228.370,0.394,True,283425
P-16-NEW-01,Luca Weber,10,NewManagerBot,2,9,100,16,26,228.370,0,True,283425
P-16-NEW-01,Luca Weber,11,NewManagerBot,2,9,100,16,27,228.370,0,True,283425
P-16-NEW-01,Luca Weber,12,NewManagerBot,2,9,100,16,28,228.370,0,True,283425
P-16-NEW-01,Luca Weber,13,NewManagerBot,2,9,100,16,29,228.370,0,True,283425
P-16-NEW-01,Luca Weber,14,NewManagerBot,2,9,100,16,30,228.370,0,True,283425
P-16-NEW-01,Luca Weber,15,NewManagerBot,2,9,100,16,31,228.370,0,True,283425
P-16-NEW-01,Luca Weber,16,NewManagerBot,2,9,100,16,32,228.370,0,True,283425
P-16-NEW-01,Luca Weber,17,NewManagerBot,2,9,100,16,33,228.370,0,True,283425
P-16-NEW-01,Luca Weber,18,NewManagerBot,2,9,100,16,34,228.370,0,True,283425
P-16-NEW-01,Luca Weber,19,NewManagerBot,2,9,100,16,35,228.370,0,True,283425
P-16-NEW-01,Luca Weber,20,NewManagerBot,2,9,100,16,36,228.370,0,True,283425
P-17-YTH-01,Nils Berger,1,YouthFocusedBot,1,9,99,17,18,102.750,1.225,False,0
P-17-YTH-01,Nils Berger,2,YouthFocusedBot,1,9,100,17,19,135.180,1.081,False,0
P-17-YTH-01,Nils Berger,3,YouthFocusedBot,1,9,100,17,20,163.275,0.936,False,0
P-17-YTH-01,Nils Berger,4,YouthFocusedBot,1,9,100,17,21,198.015,1.158,False,0
P-17-YTH-01,Nils Berger,5,YouthFocusedBot,1,9,100,17,22,232.605,1.153,False,0
P-17-YTH-01,Nils Berger,6,YouthFocusedBot,1,9,100,17,23,263.340,1.024,False,0
P-17-YTH-01,Nils Berger,7,YouthFocusedBot,1,9,100,17,24,293.160,0.994,False,0
P-17-YTH-01,Nils Berger,8,YouthFocusedBot,1,9,100,17,25,323.145,1.000,False,0
P-17-YTH-01,Nils Berger,9,YouthFocusedBot,1,9,100,17,26,346.995,0.795,False,0
P-17-YTH-01,Nils Berger,10,YouthFocusedBot,1,9,100,17,27,375.210,0.940,False,0
P-17-YTH-01,Nils Berger,11,YouthFocusedBot,1,9,100,17,28,404.490,0.976,False,0
P-17-YTH-01,Nils Berger,12,YouthFocusedBot,1,9,99,17,29,428.295,0.794,False,0
P-17-YTH-01,Nils Berger,13,YouthFocusedBot,1,9,98,17,30,455.055,0.892,False,0
P-17-YTH-01,Nils Berger,14,YouthFocusedBot,1,9,97,17,31,473.715,0.622,False,0
P-17-YTH-01,Nils Berger,15,YouthFocusedBot,1,9,96,17,32,488.145,0.481,False,0
P-17-YTH-01,Nils Berger,16,YouthFocusedBot,1,9,95,17,33,504.870,0.558,False,0
P-17-YTH-01,Nils Berger,17,YouthFocusedBot,1,9,94,17,34,523.710,0.628,False,0
P-17-YTH-01,Nils Berger,18,YouthFocusedBot,1,9,93,17,35,535.005,0.376,False,0
P-17-YTH-01,Nils Berger,19,YouthFocusedBot,1,9,92,17,36,546.300,0.376,False,0
P-17-YTH-01,Nils Berger,20,YouthFocusedBot,1,9,91,17,37,561.240,0.498,False,0
P-18-YTH-02,Mika Roth,1,YouthFocusedBot,3,8,96,18,19,83.510,0.717,False,0
P-18-YTH-02,Mika Roth,2,YouthFocusedBot,3,8,97,18,20,99.560,0.535,False,0
P-18-YTH-02,Mika Roth,3,YouthFocusedBot,3,8,98,18,21,113.015,0.448,False,0
P-18-YTH-02,Mika Roth,4,YouthFocusedBot,3,8,99,18,22,133.355,0.678,False,0
P-18-YTH-02,Mika Roth,5,YouthFocusedBot,3,8,99,18,23,153.755,0.680,False,0
P-18-YTH-02,Mika Roth,6,YouthFocusedBot,3,8,99,18,24,168.470,0.490,False,0
P-18-YTH-02,Mika Roth,7,YouthFocusedBot,3,8,99,18,25,184.760,0.543,False,0
P-18-YTH-02,Mika Roth,8,YouthFocusedBot,3,8,99,18,26,201.575,0.560,False,0
P-18-YTH-02,Mika Roth,9,YouthFocusedBot,3,8,99,18,27,212.615,0.368,False,0
P-18-YTH-02,Mika Roth,10,YouthFocusedBot,3,8,99,18,28,228.380,0.526,False,0
P-18-YTH-02,Mika Roth,11,YouthFocusedBot,3,8,98,18,29,243.740,0.512,False,0
P-18-YTH-02,Mika Roth,12,YouthFocusedBot,3,8,97,18,30,256.445,0.424,False,0
P-18-YTH-02,Mika Roth,13,YouthFocusedBot,3,8,96,18,31,272.795,0.545,False,0
P-18-YTH-02,Mika Roth,14,YouthFocusedBot,3,8,95,18,32,279.125,0.211,False,0
P-18-YTH-02,Mika Roth,15,YouthFocusedBot,3,8,94,18,33,285.425,0.210,False,0
P-18-YTH-02,Mika Roth,16,YouthFocusedBot,3,8,93,18,34,295.400,0.332,False,0
P-18-YTH-02,Mika Roth,17,YouthFocusedBot,3,8,92,18,35,306.860,0.382,False,0
P-18-YTH-02,Mika Roth,18,YouthFocusedBot,3,8,91,18,36,314.615,0.258,False,0
P-18-YTH-02,Mika Roth,19,YouthFocusedBot,3,8,90,18,37,322.370,0.258,False,0
P-18-YTH-02,Mika Roth,20,YouthFocusedBot,3,8,90,18,38,333.770,0.380,True,302259
P-19-NEW-02,Jan Novak,1,NewManagerBot,2,8,97,19,20,77.900,0.430,False,0
P-19-NEW-02,Jan Novak,2,NewManagerBot,2,8,98,19,21,96.605,0.624,False,0
P-19-NEW-02,Jan Novak,3,NewManagerBot,2,8,99,19,22,119.570,0.766,False,0
P-19-NEW-02,Jan Novak,4,NewManagerBot,2,8,99,19,23,137.870,0.610,False,0
P-19-NEW-02,Jan Novak,5,NewManagerBot,2,8,99,19,24,152.060,0.473,False,0
P-19-NEW-02,Jan Novak,6,NewManagerBot,2,8,99,19,25,166.775,0.490,False,0
P-19-NEW-02,Jan Novak,7,NewManagerBot,2,8,99,19,26,185.165,0.613,False,0
P-19-NEW-02,Jan Novak,8,NewManagerBot,2,8,99,19,27,199.880,0.490,False,0
P-19-NEW-02,Jan Novak,9,NewManagerBot,2,8,99,19,28,210.920,0.368,False,0
P-19-NEW-02,Jan Novak,10,NewManagerBot,2,8,98,19,29,226.280,0.512,False,0
P-19-NEW-02,Jan Novak,11,NewManagerBot,2,8,97,19,30,243.710,0.581,False,0
P-19-NEW-02,Jan Novak,12,NewManagerBot,2,8,96,19,31,252.710,0.300,False,0
P-19-NEW-02,Jan Novak,13,NewManagerBot,2,8,95,19,32,263.240,0.351,False,0
P-19-NEW-02,Jan Novak,14,NewManagerBot,2,8,94,19,33,276.365,0.438,False,0
P-19-NEW-02,Jan Novak,15,NewManagerBot,2,8,93,19,34,290.015,0.455,False,0
P-19-NEW-02,Jan Novak,16,NewManagerBot,2,8,92,19,35,301.475,0.382,False,0
P-19-NEW-02,Jan Novak,17,NewManagerBot,2,8,91,19,36,309.755,0.276,False,0
P-19-NEW-02,Jan Novak,18,NewManagerBot,2,8,90,19,37,322.760,0.434,False,0
P-19-NEW-02,Jan Novak,19,NewManagerBot,2,8,89,19,38,335.735,0.432,False,0
P-19-NEW-02,Jan Novak,20,NewManagerBot,2,8,88,19,39,344.510,0.292,False,0
P-20-CON-01,Ivan Rossi,1,ConservativeBot,0,7,93,20,21,79.390,0.413,False,0
P-20-CON-01,Ivan Rossi,2,ConservativeBot,0,7,94,20,22,95.635,0.542,False,0
P-20-CON-01,Ivan Rossi,3,ConservativeBot,0,7,94,20,23,108.025,0.413,False,0
P-20-CON-01,Ivan Rossi,4,ConservativeBot,0,7,94,20,24,124.090,0.536,False,0
P-20-CON-01,Ivan Rossi,5,ConservativeBot,0,7,94,20,25,143.470,0.646,False,0
P-20-CON-01,Ivan Rossi,6,ConservativeBot,0,7,94,20,26,162.325,0.628,False,0
P-20-CON-01,Ivan Rossi,7,ConservativeBot,0,7,94,20,27,174.355,0.401,False,0
P-20-CON-01,Ivan Rossi,8,ConservativeBot,0,7,94,20,28,193.195,0.628,False,0
P-20-CON-01,Ivan Rossi,9,ConservativeBot,0,7,93,20,29,208.030,0.494,False,0
P-20-CON-01,Ivan Rossi,10,ConservativeBot,0,7,92,20,30,211.705,0.122,False,0
P-20-CON-01,Ivan Rossi,11,ConservativeBot,0,7,91,20,31,220.630,0.298,False,0
P-20-CON-01,Ivan Rossi,12,ConservativeBot,0,7,90,20,32,226.405,0.192,False,0
P-20-CON-01,Ivan Rossi,13,ConservativeBot,0,7,89,20,33,233.755,0.245,False,0
P-20-CON-01,Ivan Rossi,14,ConservativeBot,0,7,88,20,34,243.205,0.315,False,0
P-20-CON-01,Ivan Rossi,15,ConservativeBot,0,7,87,20,35,255.805,0.420,False,0
P-20-CON-01,Ivan Rossi,16,ConservativeBot,0,7,86,20,36,259.480,0.122,False,0
P-20-CON-01,Ivan Rossi,17,ConservativeBot,0,7,85,20,37,264.730,0.175,False,0
P-20-CON-01,Ivan Rossi,18,ConservativeBot,0,7,84,20,38,271.555,0.228,False,0
P-20-CON-01,Ivan Rossi,19,ConservativeBot,0,7,83,20,39,281.530,0.332,False,0
P-20-CON-01,Ivan Rossi,20,ConservativeBot,0,7,82,20,40,288.880,0.245,False,0
P-21-LAD-02,Aron Biel,1,LadderGrinderBot,3,10,100,21,22,86.930,0.631,False,0
P-21-LAD-02,Aron Biel,2,LadderGrinderBot,3,10,100,21,23,104.870,0.598,False,0
P-21-LAD-02,Aron Biel,3,LadderGrinderBot,3,10,100,21,24,125.810,0.698,False,0
P-21-LAD-02,Aron Biel,4,LadderGrinderBot,3,10,100,21,25,145.175,0.646,False,0
P-21-LAD-02,Aron Biel,5,LadderGrinderBot,3,10,100,21,26,163.490,0.610,False,0
P-21-LAD-02,Aron Biel,6,LadderGrinderBot,3,10,100,21,27,178.130,0.488,False,0
P-21-LAD-02,Aron Biel,7,LadderGrinderBot,3,10,100,21,28,198.020,0.663,False,0
P-21-LAD-02,Aron Biel,8,LadderGrinderBot,3,10,99,21,29,211.985,0.466,False,0
P-21-LAD-02,Aron Biel,9,LadderGrinderBot,3,10,98,21,30,233.270,0.710,False,0
P-21-LAD-02,Aron Biel,10,LadderGrinderBot,3,10,97,21,31,250.295,0.568,False,0
P-21-LAD-02,Aron Biel,11,LadderGrinderBot,3,10,96,21,32,265.370,0.502,False,0
P-21-LAD-02,Aron Biel,12,LadderGrinderBot,3,10,95,21,33,276.215,0.362,False,0
P-21-LAD-02,Aron Biel,13,LadderGrinderBot,3,10,94,21,34,289.655,0.448,False,0
P-21-LAD-02,Aron Biel,14,LadderGrinderBot,3,10,93,21,35,296.405,0.225,False,0
P-21-LAD-02,Aron Biel,15,LadderGrinderBot,3,10,93,21,36,302.630,0.208,True,300885
P-21-LAD-02,Aron Biel,16,LadderGrinderBot,3,10,93,21,37,302.630,0,True,300885
P-21-LAD-02,Aron Biel,17,LadderGrinderBot,3,10,93,21,38,302.630,0,True,300885
P-21-LAD-02,Aron Biel,18,LadderGrinderBot,3,10,93,21,39,302.630,0,True,300885
P-21-LAD-02,Aron Biel,19,LadderGrinderBot,3,10,93,21,40,302.630,0,True,300885
P-21-LAD-02,Aron Biel,20,LadderGrinderBot,3,10,93,21,41,302.630,0,True,300885
P-22-TRD-01,Mateo Costa,1,AggressiveTraderBot,2,8,90,22,23,81.600,0.420,False,0
P-22-TRD-01,Mateo Costa,2,AggressiveTraderBot,2,8,90,22,24,101.205,0.654,False,0
P-22-TRD-01,Mateo Costa,3,AggressiveTraderBot,2,8,90,22,25,117.660,0.548,False,0
P-22-TRD-01,Mateo Costa,4,AggressiveTraderBot,2,8,90,22,26,132.015,0.478,False,0
P-22-TRD-01,Mateo Costa,5,AggressiveTraderBot,2,8,90,22,27,146.370,0.478,False,0
P-22-TRD-01,Mateo Costa,6,AggressiveTraderBot,2,8,90,22,28,160.725,0.478,False,0
P-22-TRD-01,Mateo Costa,7,AggressiveTraderBot,2,8,89,22,29,177.360,0.554,False,0
P-22-TRD-01,Mateo Costa,8,AggressiveTraderBot,2,8,88,22,30,189.240,0.396,False,0
P-22-TRD-01,Mateo Costa,9,AggressiveTraderBot,2,8,87,22,31,197.940,0.290,False,0
P-22-TRD-01,Mateo Costa,10,AggressiveTraderBot,2,8,86,22,32,207.735,0.326,False,0
P-22-TRD-01,Mateo Costa,11,AggressiveTraderBot,2,8,85,22,33,217.500,0.326,False,0
P-22-TRD-01,Mateo Costa,12,AggressiveTraderBot,2,8,84,22,34,230.415,0.430,False,0
P-22-TRD-01,Mateo Costa,13,AggressiveTraderBot,2,8,83,22,35,240.150,0.324,False,0
P-22-TRD-01,Mateo Costa,14,AggressiveTraderBot,2,8,82,22,36,255.660,0.517,False,0
P-22-TRD-01,Mateo Costa,15,AggressiveTraderBot,2,8,81,22,37,261.165,0.184,False,0
P-22-TRD-01,Mateo Costa,16,AggressiveTraderBot,2,8,80,22,38,266.145,0.166,False,0
P-22-TRD-01,Mateo Costa,17,AggressiveTraderBot,2,8,79,22,39,276.345,0.340,False,0
P-22-TRD-01,Mateo Costa,18,AggressiveTraderBot,2,8,78,22,40,283.920,0.252,False,0
P-22-TRD-01,Mateo Costa,19,AggressiveTraderBot,2,8,77,22,41,295.140,0.374,False,0
P-22-TRD-01,Mateo Costa,20,AggressiveTraderBot,2,8,76,22,42,302.685,0.252,False,0
P-24-SOC-01,Rene Novak,1,SocialBot,1,6,88,24,25,73.675,0.122,False,0
P-24-SOC-01,Rene Novak,2,SocialBot,1,6,88,24,26,88.150,0.482,False,0
P-24-SOC-01,Rene Novak,3,SocialBot,1,6,88,24,27,109.975,0.728,False,0
P-24-SOC-01,Rene Novak,4,SocialBot,1,6,88,24,28,127.945,0.599,False,0
P-24-SOC-01,Rene Novak,5,SocialBot,1,6,87,24,29,145.195,0.575,False,0
P-24-SOC-01,Rene Novak,6,SocialBot,1,6,86,24,30,161.755,0.552,False,0
P-24-SOC-01,Rene Novak,7,SocialBot,1,6,85,24,31,177.955,0.540,False,0
P-24-SOC-01,Rene Novak,8,SocialBot,1,6,84,24,32,189.130,0.372,False,0
P-24-SOC-01,Rene Novak,9,SocialBot,1,6,83,24,33,199.285,0.338,False,0
P-24-SOC-01,Rene Novak,10,SocialBot,1,6,82,24,34,208.240,0.298,False,0
P-24-SOC-01,Rene Novak,11,SocialBot,1,6,81,24,35,220.720,0.416,False,0
P-24-SOC-01,Rene Novak,12,SocialBot,1,6,80,24,36,231.985,0.376,False,0
P-24-SOC-01,Rene Novak,13,SocialBot,1,6,79,24,37,238.285,0.210,False,0
P-24-SOC-01,Rene Novak,14,SocialBot,1,6,78,24,38,245.635,0.245,False,0
P-24-SOC-01,Rene Novak,15,SocialBot,1,6,77,24,39,249.310,0.122,False,0
P-24-SOC-01,Rene Novak,16,SocialBot,1,6,76,24,40,256.660,0.245,False,0
P-24-SOC-01,Rene Novak,17,SocialBot,1,6,75,24,41,257.710,0.035,False,0
P-24-SOC-01,Rene Novak,18,SocialBot,1,6,74,24,42,267.685,0.332,False,0
P-24-SOC-01,Rene Novak,19,SocialBot,1,6,73,24,43,274.510,0.228,False,0
P-24-SOC-01,Rene Novak,20,SocialBot,1,6,72,24,44,278.185,0.122,False,0
P-26-LAD-01,Tomas Kral,1,LadderGrinderBot,3,7,91,26,27,85.220,0.474,False,0
P-26-LAD-01,Tomas Kral,2,LadderGrinderBot,3,7,91,26,28,98.390,0.439,False,0
P-26-LAD-01,Tomas Kral,3,LadderGrinderBot,3,7,90,26,29,115.010,0.554,False,0
P-26-LAD-01,Tomas Kral,4,LadderGrinderBot,3,7,89,26,30,130.025,0.500,False,0
P-26-LAD-01,Tomas Kral,5,LadderGrinderBot,3,7,88,26,31,143.960,0.464,False,0
P-26-LAD-01,Tomas Kral,6,LadderGrinderBot,3,7,87,26,32,151.820,0.262,False,0
P-26-LAD-01,Tomas Kral,7,LadderGrinderBot,3,7,86,26,33,164.900,0.436,False,0
P-26-LAD-01,Tomas Kral,8,LadderGrinderBot,3,7,85,26,34,174.275,0.312,False,0
P-26-LAD-01,Tomas Kral,9,LadderGrinderBot,3,7,85,26,35,189.020,0.492,True,264892
P-26-LAD-01,Tomas Kral,10,LadderGrinderBot,3,7,85,26,36,189.020,0,True,264892
P-26-LAD-01,Tomas Kral,11,LadderGrinderBot,3,7,85,26,37,189.020,0,True,264892
P-26-LAD-01,Tomas Kral,12,LadderGrinderBot,3,7,85,26,38,189.020,0,True,264892
P-26-LAD-01,Tomas Kral,13,LadderGrinderBot,3,7,85,26,39,189.020,0,True,264892
P-26-LAD-01,Tomas Kral,14,LadderGrinderBot,3,7,85,26,40,189.020,0,True,264892
P-26-LAD-01,Tomas Kral,15,LadderGrinderBot,3,7,85,26,41,189.020,0,True,264892
P-26-LAD-01,Tomas Kral,16,LadderGrinderBot,3,7,85,26,42,189.020,0,True,264892
P-26-LAD-01,Tomas Kral,17,LadderGrinderBot,3,7,85,26,43,189.020,0,True,264892
P-26-LAD-01,Tomas Kral,18,LadderGrinderBot,3,7,85,26,44,189.020,0,True,264892
P-26-LAD-01,Tomas Kral,19,LadderGrinderBot,3,7,85,26,45,189.020,0,True,264892
P-26-LAD-01,Tomas Kral,20,LadderGrinderBot,3,7,85,26,46,189.020,0,True,264892
P-27-YTH-03,Fabian Cordes,1,YouthFocusedBot,0,7,87,27,28,77.350,0.245,False,0
P-27-YTH-03,Fabian Cordes,2,YouthFocusedBot,0,7,86,27,29,80.500,0.105,False,0
P-27-YTH-03,Fabian Cordes,3,YouthFocusedBot,0,7,85,27,30,81.025,0.018,False,0
P-27-YTH-03,Fabian Cordes,4,YouthFocusedBot,0,7,84,27,31,88.375,0.245,False,0
P-27-YTH-03,Fabian Cordes,5,YouthFocusedBot,0,7,83,27,32,95.725,0.245,False,0
P-27-YTH-03,Fabian Cordes,6,YouthFocusedBot,0,7,82,27,33,99.400,0.122,False,0
P-27-YTH-03,Fabian Cordes,7,YouthFocusedBot,0,7,81,27,34,104.650,0.175,False,0
P-27-YTH-03,Fabian Cordes,8,YouthFocusedBot,0,7,80,27,35,110.425,0.192,False,0
P-27-YTH-03,Fabian Cordes,9,YouthFocusedBot,0,7,79,27,36,110.425,0.000,False,0
P-27-YTH-03,Fabian Cordes,10,YouthFocusedBot,0,7,78,27,37,115.150,0.158,False,0
P-27-YTH-03,Fabian Cordes,11,YouthFocusedBot,0,7,77,27,38,121.450,0.210,False,0
P-27-YTH-03,Fabian Cordes,12,YouthFocusedBot,0,7,76,27,39,125.125,0.122,False,0
P-27-YTH-03,Fabian Cordes,13,YouthFocusedBot,0,7,75,27,40,132.475,0.245,False,0
P-27-YTH-03,Fabian Cordes,14,YouthFocusedBot,0,7,74,27,41,132.475,0.000,False,0
P-27-YTH-03,Fabian Cordes,15,YouthFocusedBot,0,7,73,27,42,132.475,0.000,False,0
P-27-YTH-03,Fabian Cordes,16,YouthFocusedBot,0,7,72,27,43,136.150,0.122,False,0
P-27-YTH-03,Fabian Cordes,17,YouthFocusedBot,0,7,71,27,44,143.500,0.245,False,0
P-27-YTH-03,Fabian Cordes,18,YouthFocusedBot,0,7,71,27,45,147.175,0.122,True,236980
P-27-YTH-03,Fabian Cordes,19,YouthFocusedBot,0,7,71,27,46,147.175,0,True,236980
P-27-YTH-03,Fabian Cordes,20,YouthFocusedBot,0,7,71,27,47,147.175,0,True,236980
P-28-CON-02,Jaro Leitner,1,ConservativeBot,2,10,92,28,29,83.020,0.334,False,0
P-28-CON-02,Jaro Leitner,2,ConservativeBot,2,10,91,28,30,96.685,0.456,False,0
P-28-CON-02,Jaro Leitner,3,ConservativeBot,2,10,90,28,31,106.645,0.332,False,0
P-28-CON-02,Jaro Leitner,4,ConservativeBot,2,10,89,28,32,117.340,0.356,False,0
P-28-CON-02,Jaro Leitner,5,ConservativeBot,2,10,88,28,33,131.680,0.478,False,0
P-28-CON-02,Jaro Leitner,6,ConservativeBot,2,10,87,28,34,145.465,0.460,False,0
P-28-CON-02,Jaro Leitner,7,ConservativeBot,2,10,86,28,35,149.995,0.151,False,0
P-28-CON-02,Jaro Leitner,8,ConservativeBot,2,10,85,28,36,161.875,0.396,False,0
P-28-CON-02,Jaro Leitner,9,ConservativeBot,2,10,84,28,37,170.050,0.272,False,0
P-28-CON-02,Jaro Leitner,10,ConservativeBot,2,10,83,28,38,178.225,0.272,False,0
P-28-CON-02,Jaro Leitner,11,ConservativeBot,2,10,82,28,39,191.620,0.446,False,0
P-28-CON-02,Jaro Leitner,12,ConservativeBot,2,10,81,28,40,201.835,0.340,False,0
P-28-CON-02,Jaro Leitner,13,ConservativeBot,2,10,80,28,41,213.625,0.393,False,0
P-28-CON-02,Jaro Leitner,14,ConservativeBot,2,10,79,28,42,227.485,0.462,False,0
P-28-CON-02,Jaro Leitner,15,ConservativeBot,2,10,78,28,43,244.495,0.567,False,0
P-28-CON-02,Jaro Leitner,16,ConservativeBot,2,10,77,28,44,252.550,0.268,False,0
P-28-CON-02,Jaro Leitner,17,ConservativeBot,2,10,76,28,45,262.180,0.321,False,0
P-28-CON-02,Jaro Leitner,18,ConservativeBot,2,10,75,28,46,273.355,0.372,False,0
P-28-CON-02,Jaro Leitner,19,ConservativeBot,2,10,74,28,47,287.650,0.476,False,0
P-28-CON-02,Jaro Leitner,20,ConservativeBot,2,10,73,28,48,299.320,0.389,False,0
P-31-TRD-02,Petar Vukic,1,AggressiveTraderBot,0,8,83,31,32,74.000,0.000,False,0
P-31-TRD-02,Petar Vukic,2,AggressiveTraderBot,0,8,82,31,33,82.925,0.298,False,0
P-31-TRD-02,Petar Vukic,3,AggressiveTraderBot,0,8,81,31,34,88.700,0.192,False,0
P-31-TRD-02,Petar Vukic,4,AggressiveTraderBot,0,8,80,31,35,92.375,0.122,False,0
P-31-TRD-02,Petar Vukic,5,AggressiveTraderBot,0,8,80,31,36,96.050,0.122,True,351865
P-31-TRD-02,Petar Vukic,6,AggressiveTraderBot,0,8,80,31,37,96.050,0,True,351865
P-31-TRD-02,Petar Vukic,7,AggressiveTraderBot,0,8,80,31,38,96.050,0,True,351865
P-31-TRD-02,Petar Vukic,8,AggressiveTraderBot,0,8,80,31,39,96.050,0,True,351865
P-31-TRD-02,Petar Vukic,9,AggressiveTraderBot,0,8,80,31,40,96.050,0,True,351865
P-31-TRD-02,Petar Vukic,10,AggressiveTraderBot,0,8,80,31,41,96.050,0,True,351865
P-31-TRD-02,Petar Vukic,11,AggressiveTraderBot,0,8,80,31,42,96.050,0,True,351865
P-31-TRD-02,Petar Vukic,12,AggressiveTraderBot,0,8,80,31,43,96.050,0,True,351865
P-31-TRD-02,Petar Vukic,13,AggressiveTraderBot,0,8,80,31,44,96.050,0,True,351865
P-31-TRD-02,Petar Vukic,14,AggressiveTraderBot,0,8,80,31,45,96.050,0,True,351865
P-31-TRD-02,Petar Vukic,15,AggressiveTraderBot,0,8,80,31,46,96.050,0,True,351865
P-31-TRD-02,Petar Vukic,16,AggressiveTraderBot,0,8,80,31,47,96.050,0,True,351865
P-31-TRD-02,Petar Vukic,17,AggressiveTraderBot,0,8,80,31,48,96.050,0,True,351865
P-31-TRD-02,Petar Vukic,18,AggressiveTraderBot,0,8,80,31,49,96.050,0,True,351865
P-31-TRD-02,Petar Vukic,19,AggressiveTraderBot,0,8,80,31,50,96.050,0,True,351865
P-31-TRD-02,Petar Vukic,20,AggressiveTraderBot,0,8,80,31,51,96.050,0,True,351865
P-33-SOC-02,Dino Marin,1,SocialBot,1,9,81,33,34,75.675,0.122,False,0
P-33-SOC-02,Dino Marin,2,SocialBot,1,9,80,33,35,82.920,0.242,False,0
P-33-SOC-02,Dino Marin,3,SocialBot,1,9,79,33,36,97.875,0.498,False,0
P-33-SOC-02,Dino Marin,4,SocialBot,1,9,78,33,37,109.485,0.387,False,0
P-33-SOC-02,Dino Marin,5,SocialBot,1,9,77,33,38,121.095,0.387,False,0
P-33-SOC-02,Dino Marin,6,SocialBot,1,9,76,33,39,132.705,0.387,False,0
P-33-SOC-02,Dino Marin,7,SocialBot,1,9,75,33,40,144.645,0.398,False,0
P-33-SOC-02,Dino Marin,8,SocialBot,1,9,74,33,41,152.910,0.276,False,0
P-33-SOC-02,Dino Marin,9,SocialBot,1,9,74,33,42,161.535,0.288,True,310786
P-33-SOC-02,Dino Marin,10,SocialBot,1,9,74,33,43,161.535,0,True,310786
P-33-SOC-02,Dino Marin,11,SocialBot,1,9,74,33,44,161.535,0,True,310786
P-33-SOC-02,Dino Marin,12,SocialBot,1,9,74,33,45,161.535,0,True,310786
P-33-SOC-02,Dino Marin,13,SocialBot,1,9,74,33,46,161.535,0,True,310786
P-33-SOC-02,Dino Marin,14,SocialBot,1,9,74,33,47,161.535,0,True,310786
P-33-SOC-02,Dino Marin,15,SocialBot,1,9,74,33,48,161.535,0,True,310786
P-33-SOC-02,Dino Marin,16,SocialBot,1,9,74,33,49,161.535,0,True,310786
P-33-SOC-02,Dino Marin,17,SocialBot,1,9,74,33,50,161.535,0,True,310786
P-33-SOC-02,Dino Marin,18,SocialBot,1,9,74,33,51,161.535,0,True,310786
P-33-SOC-02,Dino Marin,19,SocialBot,1,9,74,33,52,161.535,0,True,310786
P-33-SOC-02,Dino Marin,20,SocialBot,1,9,74,33,53,161.535,0,True,310786
