team_name,season,bot_id,manager_name,country_iso,time_zone,persona,tier,group,position,season_wins,season_losses,season_draws,season_points,stadium_level,training_center_level,office_level,fan_shop_level,parking_level,team_strength,money_balance,stars_balance,money_in,money_out,stars_in,stars_out
PL Club 6,2,db770079-4c31-418e-9a47-fab14deb99b1,SocialBot_6,PL,Europe/Warsaw,SocialBot,1,1,6,28,0,2,86,5,6,6,2,4,149,37591764,8164,25114200,4679626,15000,13300
BE Club 9,2,433e9f94-2ea8-4276-bda5-1567aaada803,AggressiveTraderBot_9,BE,Europe/Rome,AggressiveTraderBot,1,1,9,26,0,4,82,3,5,7,3,1,144,21133326,1288,20486400,8036568,22300,22600
ES Club 4,2,0970c318-8891-49d6-ac02-b6edad04f998,YouthFocusedBot_4,ES,Europe/Madrid,YouthFocusedBot,1,1,4,26,0,4,82,1,6,5,4,2,137,12724135,1509,11307300,4075371,21700,19700
IT Club 13,2,4317646c-6307-4300-84a5-ea5b873fbfbe,NewManagerBot_13,IT,Europe/Berlin,NewManagerBot,1,1,13,23,2,5,74,5,7,8,2,3,131,43744808,6070,25095300,1933413,15000,15080
NL Club 15,2,7043d0a7-7c0b-4f62-89e3-e5468cee589e,AggressiveTraderBot_15,NL,Europe/Rome,AggressiveTraderBot,1,1,15,14,6,10,52,4,3,9,1,4,133,24480687,944,20479800,5361133,22100,22300
CH Club 8,2,a360fffe-4f47-404b-a3ce-1e8521ab5084,ConservativeBot_8,CH,Europe/Paris,ConservativeBot,1,1,8,13,9,8,47,5,5,8,5,1,122,41580060,7447,25110600,4172152,15000,16320
DE Club 11,2,7a7dbd68-0978-4127-9bef-08f32a1d90fe,LadderGrinderBot_11,DE,Europe/Amsterdam,LadderGrinderBot,1,1,11,12,10,8,44,3,6,8,2,2,126,24189842,7994,15883500,4441428,15000,12900
FR Club 2,2,105972e2-d768-4707-8113-6fdf60c3daeb,ConservativeBot_2,FR,Europe/Paris,ConservativeBot,1,1,2,11,9,10,43,6,8,8,3,2,118,44702853,6763,29701200,4641091,15000,13860
FR Club 12,2,7eab1a8a-57da-4f2e-aec6-4b1f409934ce,SocialBot_12,FR,Europe/Warsaw,SocialBot,1,1,12,10,12,8,38,4,8,8,6,2,139,33254584,8330,25122600,6351125,15000,13860
DE Club 1,2,60342169-5b3d-4aef-a3fc-5cde7cb4a190,NewManagerBot_1,DE,Europe/Berlin,NewManagerBot,1,1,1,9,11,10,37,4,7,7,6,1,142,35641812,8974,25118100,5683218,15000,11200
AT Club 7,2,3fe71a77-ecd2-4016-8a30-7b61616f87fb,NewManagerBot_7,AT,Europe/Berlin,NewManagerBot,1,1,7,9,13,8,35,4,3,5,2,1,142,24976577,10161,20501400,5662050,15000,14000
PL Club 16,2,fbaa9901-0416-4c09-bf29-d0fab0c6c3e2,YouthFocusedBot_16,PL,Europe/Madrid,YouthFocusedBot,1,1,16,6,14,10,28,3,2,6,3,4,120,28941900,221,20507400,3555030,22000,21900
ES Club 14,2,bcb572ec-b227-4b21-87fc-2bc32b09815b,ConservativeBot_14,ES,Europe/Paris,ConservativeBot,1,1,14,2,23,5,11,2,3,9,2,2,106,15158924,10689,11261100,4234264,15000,10800
PT Club 10,2,8646e00d-cc1a-405a-893f-a7b6e8772589,YouthFocusedBot_10,PT,Europe/Madrid,YouthFocusedBot,1,1,10,0,26,4,4,5,2,8,5,5,106,37958276,390,25123500,4668599,21200,21600
IT Club 3,2,456e6fc4-9583-4d82-b452-d4ae350e3db3,AggressiveTraderBot_3,IT,Europe/Rome,AggressiveTraderBot,1,1,3,0,26,4,4,2,5,5,5,2,105,13329632,-139,15922800,6747122,22700,23700
NL Club 5,2,90c20855-d6a3-4cc7-8e1c-bae8c83e2fe8,LadderGrinderBot_5,NL,Europe/Amsterdam,LadderGrinderBot,1,1,5,0,28,2,2,3,6,6,4,2,106,30717454,9911,20514000,2746733,15000,13000
