team_name,season,bot_id,manager_name,country_iso,time_zone,persona,tier,group,position,season_wins,season_losses,season_draws,season_points,stadium_level,vip_seats,sit_seats,stand_seats,training_center_level,office_level,fan_shop_level,parking_level,team_strength,money_balance,stars_balance,money_in,money_out,stars_in,stars_out
NL Club 85,8,704c9670-99e6-42ee-820e-3cf20369bec1,NewManagerBot_85,NL,Europe/Berlin,NewManagerBot,3,10,12,27,0,3,84,2,460,6200,7600,7,8,6,7,328,50967170,22342,9925800,5115266,15000,15460
BE Club 29,8,cabd4b9e-d4ce-4811-af3e-1ccf7e3c7954,LadderGrinderBot_29,BE,Europe/Amsterdam,LadderGrinderBot,3,10,10,17,3,10,61,3,590,7850,9900,9,12,5,7,320,67753456,12722,12658650,4658969,15000,14020
FR Club 242,8,6c6a4a3a-2c71-4337-a016-4b35b51ddf1f,ConservativeBot_242,FR,Europe/Paris,ConservativeBot,3,10,13,13,6,11,50,2,460,6200,7700,7,12,5,7,307,41590369,23139,9916280,4174358,15000,13860
CH Club 248,8,c473403a-c3e9-4b6e-b900-1e409ac13be4,ConservativeBot_248,CH,Europe/Paris,ConservativeBot,3,10,3,13,9,8,47,2,460,6100,7700,9,13,5,3,301,38072447,17602,9827100,5984960,15000,12800
ES Club 304,8,31ac1d45-013b-48d4-9197-319c77ede20a,YouthFocusedBot_304,ES,Europe/Madrid,YouthFocusedBot,3,10,16,11,5,14,47,2,460,6100,7600,6,10,7,5,290,39828439,446,9839130,4990786,21600,22200
BE Club 249,8,afd5bcae-40a0-47b3-b596-49fe4228d660,AggressiveTraderBot_249,BE,Europe/Rome,AggressiveTraderBot,3,10,6,12,10,8,44,3,590,8050,9600,3,12,6,4,306,43045570,147,12689250,6365241,22000,22300
PL Club 36,8,bb4788ca-e910-463c-b118-fbeac8715be0,SocialBot_36,PL,Europe/Warsaw,SocialBot,3,10,8,11,8,11,44,2,460,6300,7600,8,11,4,5,317,50028952,23858,9931230,5250745,15000,14840
ES Club 164,8,88d98b40-9de2-4940-84c2-25a611ae25a4,ConservativeBot_164,ES,Europe/Paris,ConservativeBot,3,10,1,9,8,13,40,1,330,4650,5400,8,12,5,6,293,17077265,17354,7197450,8551999,15000,14840
IT Club 153,8,5b71faac-8f2c-4285-b064-1e9ce698a595,AggressiveTraderBot_153,IT,Europe/Rome,AggressiveTraderBot,3,10,5,10,12,8,38,4,720,9600,12000,3,8,5,5,315,60822176,1079,15461130,8250427,22400,22000
PT Club 250,8,42534d20-9ead-4371-bf33-56b4f04cfad2,YouthFocusedBot_250,PT,Europe/Madrid,YouthFocusedBot,3,10,2,8,9,13,37,2,460,6300,7700,3,7,4,4,290,42754992,-110,9986730,5407784,21800,22900
ES Club 254,8,c4b1d99c-7c2d-44da-92d7-819387cb982a,ConservativeBot_254,ES,Europe/Paris,ConservativeBot,3,10,4,9,13,8,35,3,600,7850,9900,10,12,5,4,295,61412046,18329,12732500,6308826,15000,14200
NL Club 325,8,8bd7d416-ff20-4e6b-90ed-dc4a9565c6f1,NewManagerBot_325,NL,Europe/Berlin,NewManagerBot,3,10,7,8,11,11,35,4,720,9800,12000,7,11,5,8,307,90838826,20610,15585480,6296869,15000,15060
DE Club 241,8,347f46bb-ae79-4372-9d22-ecbdb09d1908,NewManagerBot_241,DE,Europe/Berlin,NewManagerBot,3,10,14,6,13,11,29,3,600,7850,9700,5,9,1,4,292,63640266,22214,12662600,4509075,15000,13100
NL Club 135,8,38443355-2c1c-4a4e-814d-b0fee917c753,AggressiveTraderBot_135,NL,Europe/Rome,AggressiveTraderBot,3,10,15,5,11,14,29,2,460,6300,7400,2,9,5,7,289,37958131,593,9903450,6035574,22400,21700
ES Club 244,8,83878997-443b-4409-a13f-1a00dbad831a,YouthFocusedBot_244,ES,Europe/Madrid,YouthFocusedBot,3,10,9,3,17,10,19,2,470,6100,7700,4,7,7,7,293,38524757,1237,9981600,4980512,21500,22200
PL Club 246,8,affcb4a4-28bf-4225-a21d-f90c61023425,SocialBot_246,PL,Europe/Warsaw,SocialBot,3,10,11,0,27,3,3,1,340,4350,5300,8,11,9,3,288,13810936,23037,7085430,5340621,15000,13640
