rank,season,tier,group,team_name,bot_id,persona,wins,draws,losses,points,team_strength,money_balance,stars_balance
1,2,3,3,DE Club 91,74592459-a7bb-4a79-9434-accb444c9ab0,NewManagerBot,27,3,0,84,145,21630542,6107
2,2,3,3,PL Club 96,23205a97-05fe-4e5b-bb68-2f34abd36882,SocialBot,26,4,0,82,144,13125331,11376
3,2,3,3,AT Club 87,2f971dd6-c49a-485d-a73e-15fac9f7acd5,AggressiveTraderBot,15,8,7,53,143,18992292,535
4,2,3,3,IT Club 83,de645a93-8bad-4e63-a444-7e0719816b72,LadderGrinderBot,13,8,9,47,127,4063985,7714
5,2,3,3,IT Club 93,75078879-532f-4145-bdba-11805f8bce9f,AggressiveTraderBot,12,11,7,47,146,-389102,850
6,2,3,3,FR Club 82,cbc044f2-2f89-425b-96a1-e137bdefe31f,YouthFocusedBot,12,10,8,46,122,8365664,368
7,2,3,3,PT Club 90,9fd8eec7-4860-48c6-9b0f-d3ac317b965f,SocialBot,10,11,9,41,124,17695455,9201
8,2,3,3,NL Club 85,84408bb9-0db2-4086-b1e8-c98e015aaa12,NewManagerBot,8,17,5,41,130,12803466,4656
9,2,3,3,BE Club 89,ede53099-d1e3-440c-9a6e-4495ec33968a,LadderGrinderBot,9,11,10,38,147,9465930,6618
10,2,3,3,ES Club 84,5b65d8a2-6044-457f-826f-6063f988c48b,SocialBot,9,8,13,35,142,18286565,10174
11,2,3,3,DE Club 81,b9db7abf-c9f8-47b8-94a5-8890b3ba7080,AggressiveTraderBot,8,10,12,34,120,17606921,909
12,2,3,3,ES Club 94,7cc7d05c-edfd-47bb-8f42-12cd8431ba5e,YouthFocusedBot,7,11,12,32,122,8847674,1488
13,2,3,3,PL Club 86,1a741654-624a-4807-9b41-9645185d7c8b,ConservativeBot,5,17,8,32,118,2808534,6927
14,2,3,3,CH Club 88,a72bb731-f3c7-4261-9ba2-8799e372245b,YouthFocusedBot,7,8,15,29,132,6093524,1322
15,2,3,3,NL Club 95,66572111-2ff4-451b-9150-8a7f66ca32c7,LadderGrinderBot,0,4,26,4,113,8284139,7538
16,2,3,3,FR Club 92,2d92d7ee-ce39-4bc5-aa23-2ca1043b3e8d,ConservativeBot,0,3,27,3,107,10653776,8879
