season,matches,goals,home_wins,away_wins,draws,auction_bids,ads_watched,chat_messages,friendly_requests,friendly_accepted,sponsors_accepted,season_sponsors_signed,short_sponsors_renewed,transfers_completed,transfer_fees_money,ladder_challenges,stars_spent,stars_earned
1,1440,2973,549,452,439,1184,612,3747,2880,1860,85,96,960,1060,349883709,6902,1359300,1501200
2,1440,2971,530,448,462,1170,331,3771,2880,1860,7,96,960,1100,364242801,6912,1221000,1473100
3,1440,2896,553,476,411,1208,285,3769,2880,1860,5,96,960,1134,374643892,6912,1220600,1468500
4,1440,3016,551,452,437,1193,359,3784,2880,1860,8,96,960,1139,378165907,6912,1224600,1475900
5,1440,2939,551,475,414,1128,327,3749,2880,1860,3,96,960,1090,356783802,6912,1214600,1472700
6,1440,2957,510,489,441,1215,331,3812,2880,1860,3,96,960,1138,380428502,6912,1226000,1473100
7,1440,3011,527,464,449,1183,231,3778,2880,1860,7,96,960,1118,371121907,6912,1225600,1463100
8,1440,2893,556,489,395,1138,190,3761,2880,1860,3,96,960,1096,362292464,6912,1198600,1459000
9,1440,2989,540,478,422,1170,296,3781,2880,1860,11,96,960,1122,369017957,6912,1224000,1469600
10,1440,3061,526,516,398,1191,301,3791,2880,1860,11,96,960,1125,372362355,6912,1230200,1470100
11,1440,2920,510,503,427,1195,210,3761,2880,1860,3,96,960,1101,363726841,6912,1231000,1461000
12,1440,2889,485,491,464,1186,326,3782,2880,1860,10,96,960,1131,375545618,6912,1224200,1472600
13,1440,2964,565,443,432,1167,242,3757,2880,1860,5,96,960,1137,378997884,6912,1224400,1464200
14,1440,2987,533,444,463,1180,277,3765,2880,1860,5,96,960,1106,368869719,6912,1217000,1467700
15,1440,2888,541,488,411,1191,228,3782,2880,1860,7,96,960,1123,373101169,6912,1224200,1462800
16,1440,2989,540,454,446,1211,365,3775,2880,1860,12,96,960,1051,348573443,6912,1228200,1476500
17,1440,2964,563,467,410,1140,243,3752,2880,1860,7,96,960,1139,378149113,6912,1205000,1464300
18,1440,2935,527,484,429,1204,312,3796,2880,1860,16,96,960,1131,372343018,6912,1234800,1471200
19,1440,3005,510,463,467,1186,211,3802,2880,1860,2,96,960,1123,373132860,6912,1217200,1461100
20,1440,2944,557,482,401,1152,237,3761,2880,1860,9,96,960,1077,357221680,6912,1231400,1463700
