team_name,season,persona,tier,group,stadium_level,training_center_level,team_strength,money_balance,stars_balance,money_in,money_out,stars_in,stars_out
AT Club 17,1,LadderGrinderBot,2,1,2,4,95,-5997906,3845,0,6131187,15000,16140
AT Club 17,2,LadderGrinderBot,2,1,2,5,125,-8166703,5725,0,2168797,15000,13120
AT Club 17,3,LadderGrinderBot,2,1,2,6,155,-13201839,6825,0,5035136,15000,13900
AT Club 17,4,LadderGrinderBot,2,1,2,6,185,-16598978,7825,0,3397139,15000,14000
AT Club 17,5,LadderGrinderBot,2,1,2,6,215,-21124685,10825,0,4525707,15000,12000
AT Club 17,6,LadderGrinderBot,2,1,2,7,245,-25494887,7945,0,4370202,15000,17880
AT Club 17,7,LadderGrinderBot,2,1,2,8,275,-28768696,9685,0,3273809,15000,13260
AT Club 17,8,LadderGrinderBot,2,1,2,9,305,-32629090,9045,0,3860394,15000,15640
AT Club 17,9,LadderGrinderBot,2,1,2,10,335,-37291619,9625,0,4662529,15000,14420
AT Club 17,10,LadderGrinderBot,2,1,2,11,365,-43874231,9625,0,6582612,15000,15000
AT Club 17,11,LadderGrinderBot,2,1,2,12,395,-46835706,5845,0,2961475,15000,18780
AT Club 17,12,LadderGrinderBot,2,1,2,12,425,-50799895,8645,0,3964189,15000,12200
AT Club 17,13,LadderGrinderBot,2,1,2,12,455,-57868540,10245,0,7068645,15000,13400
AT Club 17,14,LadderGrinderBot,2,1,2,12,485,-62166190,12245,0,4297650,15000,13000
AT Club 17,15,LadderGrinderBot,2,1,2,12,515,-66262682,15445,0,4096492,15000,11800
AT Club 17,16,LadderGrinderBot,2,1,2,12,545,-70193438,19645,0,3930756,15000,10800
AT Club 17,17,LadderGrinderBot,2,1,2,12,575,-73598779,23245,0,3405341,15000,11400
AT Club 17,18,LadderGrinderBot,2,1,2,12,605,-75943787,24445,0,2345008,15000,13800
AT Club 17,19,LadderGrinderBot,2,1,2,12,635,-79637064,27045,0,3693277,15000,12400
AT Club 17,20,LadderGrinderBot,2,1,2,12,665,-83954495,30845,0,4317431,15000,11200
AT Club 27,1,AggressiveTraderBot,2,1,2,3,82,-6697631,2016,0,6857246,18600,22300
AT Club 27,2,AggressiveTraderBot,2,1,2,3,112,-13636464,1616,0,6938833,17800,18200
AT Club 27,3,AggressiveTraderBot,2,1,2,3,142,-17503820,1916,0,3867356,16100,15800
AT Club 27,4,AggressiveTraderBot,2,1,2,3,172,-23638032,1116,0,6134212,16200,17000
AT Club 27,5,AggressiveTraderBot,2,1,2,3,202,-30847014,2316,0,7208982,17200,16000
AT Club 27,6,AggressiveTraderBot,2,1,2,3,232,-36452757,2116,0,5605743,16200,16400
AT Club 27,7,AggressiveTraderBot,2,1,2,3,262,-42457007,2016,0,6004250,16100,16200
AT Club 27,8,AggressiveTraderBot,2,1,2,3,292,-47824675,2116,0,5367668,15900,15800
AT Club 27,9,AggressiveTraderBot,2,1,2,4,322,-51188744,776,0,3364069,16200,17540
AT Club 27,10,AggressiveTraderBot,2,1,2,4,352,-59226338,2076,0,8037594,16700,15400
AT Club 27,11,AggressiveTraderBot,2,1,2,5,382,-64696065,1256,0,5469727,16500,17320
AT Club 27,12,AggressiveTraderBot,2,1,2,5,412,-72709077,1956,0,8013012,17500,16800
AT Club 27,13,AggressiveTraderBot,2,1,2,6,442,-77993125,856,0,5284048,16400,17500
AT Club 27,14,AggressiveTraderBot,2,1,2,7,472,-82912762,276,0,4919637,17300,17880
AT Club 27,15,AggressiveTraderBot,2,1,2,8,502,-90912321,716,0,7999559,17300,16860
AT Club 27,16,AggressiveTraderBot,2,1,2,9,532,-98252649,76,0,7340328,18800,19440
AT Club 27,17,AggressiveTraderBot,2,1,2,9,562,-102382824,2376,0,4130175,18500,16200
AT Club 27,18,AggressiveTraderBot,2,1,2,9,592,-110326221,2676,0,7943397,17100,16800
AT Club 27,19,AggressiveTraderBot,2,1,2,9,622,-119130954,3276,0,8804733,15000,14400
AT Club 27,20,AggressiveTraderBot,2,1,2,9,652,-123808101,1876,0,4677147,16400,17800
AT Club 7,1,NewManagerBot,1,1,4,3,119,-5164304,4816,0,5341972,15000,14360
AT Club 7,2,NewManagerBot,1,1,4,3,149,-11940390,7216,0,6776086,15000,12600
AT Club 7,3,NewManagerBot,1,1,4,3,179,-15026100,8816,0,3085710,15000,13400
AT Club 7,4,NewManagerBot,1,1,4,4,209,-19788944,6676,0,4762844,15000,17140
AT Club 7,5,NewManagerBot,1,1,4,5,239,-24503275,7956,0,4714331,15000,13720
AT Club 7,6,NewManagerBot,1,1,4,5,269,-27835076,9156,0,3331801,15000,13800
AT Club 7,7,NewManagerBot,1,1,4,6,299,-33975694,8256,0,6140618,15000,15900
AT Club 7,8,NewManagerBot,1,1,4,7,329,-36006024,7776,0,2030330,15000,15480
AT Club 7,9,NewManagerBot,1,1,4,8,359,-39247121,8516,0,3241097,15000,14260
AT Club 7,10,NewManagerBot,1,1,4,8,389,-43028644,9516,0,3781523,15000,14000
AT Club 7,11,NewManagerBot,1,1,4,9,419,-45652755,9876,0,2624111,15000,14640
AT Club 7,12,NewManagerBot,1,1,4,10,449,-52218491,9656,0,6565736,15000,15220
AT Club 7,13,NewManagerBot,1,1,4,11,479,-54737356,9856,0,2518865,15000,14800
AT Club 7,14,NewManagerBot,1,1,4,12,509,-57488222,10076,0,2750866,15000,14780
AT Club 7,15,NewManagerBot,1,1,4,12,539,-61384962,11676,0,3896740,15000,13400
AT Club 7,16,NewManagerBot,1,1,4,12,569,-64799667,13276,0,3414705,15000,13400
AT Club 7,17,NewManagerBot,1,1,4,12,599,-68914763,18076,0,4115096,15000,10200
AT Club 7,18,NewManagerBot,1,1,4,12,629,-73559655,20876,0,4644892,15000,12200
AT Club 7,19,NewManagerBot,1,1,4,12,659,-79148708,21876,0,5589053,15000,14000
AT Club 7,20,NewManagerBot,1,1,4,12,689,-80920520,23476,0,1771812,15000,13400
BE Club 9,1,AggressiveTraderBot,1,1,3,5,81,-6588034,1409,0,6708825,17900,21800
BE Club 9,2,AggressiveTraderBot,1,1,3,5,111,-11976225,1809,0,5388191,15200,14800
BE Club 9,3,AggressiveTraderBot,1,1,3,5,141,-18571218,1509,0,6594993,17300,17600
BE Club 9,4,AggressiveTraderBot,1,1,3,5,171,-27662924,2309,0,9091706,16200,15400
BE Club 9,5,AggressiveTraderBot,1,1,3,5,201,-33608698,1609,0,5945774,16500,17200
BE Club 9,6,AggressiveTraderBot,1,1,3,5,231,-40299304,1409,0,6690606,17200,17400
BE Club 9,7,AggressiveTraderBot,1,1,3,5,261,-44983809,2309,0,4684505,16300,15400
BE Club 9,8,AggressiveTraderBot,1,1,3,5,291,-53570762,1509,0,8586953,16200,17000
BE Club 9,9,AggressiveTraderBot,1,1,3,5,321,-59225084,2309,0,5654322,15600,14800
BE Club 9,10,AggressiveTraderBot,1,1,3,5,351,-66454408,1509,0,7229324,16400,17200
BE Club 9,11,AggressiveTraderBot,1,1,3,5,381,-70065045,2809,0,3610637,16300,15000
BE Club 9,12,AggressiveTraderBot,1,1,3,5,411,-76324163,1609,0,6259118,16600,17800
BE Club 9,13,AggressiveTraderBot,1,1,3,5,441,-83619163,2109,0,7295000,16100,15600
BE Club 9,14,AggressiveTraderBot,1,1,3,5,471,-91204251,2009,0,7585088,15100,15200
BE Club 9,15,AggressiveTraderBot,1,1,3,5,501,-96763621,1209,0,5559370,16000,16800
BE Club 9,16,AggressiveTraderBot,1,1,3,5,531,-104634028,1509,0,7870407,17300,17000
BE Club 9,17,AggressiveTraderBot,1,1,3,5,561,-112744687,2109,0,8110659,15400,14800
BE Club 9,18,AggressiveTraderBot,1,1,3,5,591,-120148894,1809,0,7404207,15300,15600
BE Club 9,19,AggressiveTraderBot,1,1,3,5,621,-126396144,1509,0,6247250,17300,17600
BE Club 9,20,AggressiveTraderBot,1,1,3,5,651,-134035667,1409,0,7639523,18100,18200
CH Club 8,1,ConservativeBot,1,1,4,7,108,-176688,7807,0,320266,15000,12480
CH Club 8,2,ConservativeBot,1,1,4,8,138,-176688,9347,0,0,15000,13460
CH Club 8,3,ConservativeBot,1,1,4,9,168,-176688,11707,0,0,15000,12640
CH Club 8,4,ConservativeBot,1,1,4,9,198,-176688,17707,0,0,15000,9000
CH Club 8,5,ConservativeBot,1,1,4,10,228,-176688,20887,0,0,15000,11820
CH Club 8,6,ConservativeBot,1,1,4,11,258,-176688,21887,0,0,15000,14000
CH Club 8,7,ConservativeBot,1,1,4,12,288,-176688,24707,0,0,15000,12180
CH Club 8,8,ConservativeBot,1,1,4,12,318,-176688,28707,0,0,15000,11000
CH Club 8,9,ConservativeBot,1,1,4,12,348,-176688,31707,0,0,15000,12000
CH Club 8,10,ConservativeBot,1,1,4,12,378,-176688,36707,0,0,15000,10000
CH Club 8,11,ConservativeBot,1,1,4,12,408,-176688,40707,0,0,15000,11000
CH Club 8,12,ConservativeBot,1,1,4,12,438,-176688,44707,0,0,15000,11000
CH Club 8,13,ConservativeBot,1,1,4,12,468,-176688,47707,0,0,15000,12000
CH Club 8,14,ConservativeBot,1,1,4,12,498,-176688,51707,0,0,15000,11000
CH Club 8,15,ConservativeBot,1,1,4,12,528,-176688,56707,0,0,15000,10000
CH Club 8,16,ConservativeBot,1,1,4,12,558,-176688,60707,0,0,15000,11000
CH Club 8,17,ConservativeBot,1,1,4,12,588,-176688,64707,0,0,15000,11000
CH Club 8,18,ConservativeBot,1,1,4,12,618,-176688,69707,0,0,15000,10000
CH Club 8,19,ConservativeBot,1,1,4,12,648,-176688,73707,0,0,15000,11000
CH Club 8,20,ConservativeBot,1,1,4,12,678,-176688,76707,0,0,15000,12000
DE Club 1,1,NewManagerBot,1,1,1,2,80,-2254773,7824,0,2388764,15000,12800
DE Club 1,2,NewManagerBot,1,1,1,3,110,-7936724,6864,0,5681951,15000,15960
DE Club 1,3,NewManagerBot,1,1,1,3,140,-12943414,8864,0,5006690,15000,13000
DE Club 1,4,NewManagerBot,1,1,1,4,170,-17602667,6124,0,4659253,15000,17740
DE Club 1,5,NewManagerBot,1,1,1,4,200,-21516878,9124,0,3914211,15000,12000
DE Club 1,6,NewManagerBot,1,1,1,5,230,-26249354,6804,0,4732476,15000,17320
DE Club 1,7,NewManagerBot,1,1,1,6,260,-31971586,6704,0,5722232,15000,15100
DE Club 1,8,NewManagerBot,1,1,1,6,290,-36356232,9704,0,4384646,15000,12000
DE Club 1,9,NewManagerBot,1,1,1,7,320,-40701293,9224,0,4345061,15000,15480
DE Club 1,10,NewManagerBot,1,1,1,8,350,-44997263,8164,0,4295970,15000,16060
DE Club 1,11,NewManagerBot,1,1,1,8,380,-51810108,10564,0,6812845,15000,12600
DE Club 1,12,NewManagerBot,1,1,1,9,410,-55776487,9724,0,3966379,15000,15840
DE Club 1,13,NewManagerBot,1,1,1,10,440,-60146797,9504,0,4370310,15000,15220
DE Club 1,14,NewManagerBot,1,1,1,10,470,-64543825,13504,0,4397028,15000,11000
DE Club 1,15,NewManagerBot,1,1,1,10,500,-69549400,15104,0,5005575,15000,13400
DE Club 1,16,NewManagerBot,1,1,1,11,530,-74640666,15904,0,5091266,15000,14200
DE Club 1,17,NewManagerBot,1,1,1,12,560,-79756874,14124,0,5116208,15000,16780
DE Club 1,18,NewManagerBot,1,1,1,12,590,-84207449,16724,0,4450575,15000,12400
DE Club 1,19,NewManagerBot,1,1,1,12,620,-90498427,18924,0,6290978,15000,12800
DE Club 1,20,NewManagerBot,1,1,1,12,650,-94507867,21524,0,4009440,15000,12400
DE Club 11,1,LadderGrinderBot,1,1,1,6,99,-4767385,4686,0,4928879,15000,16300
DE Club 11,2,LadderGrinderBot,1,1,1,6,129,-8728593,6286,0,3961208,15000,13400
DE Club 11,3,LadderGrinderBot,1,1,1,6,159,-13063645,10086,0,4335052,15000,11200
DE Club 11,4,LadderGrinderBot,1,1,1,6,189,-17765568,8486,0,4701923,15000,16600
DE Club 11,5,LadderGrinderBot,1,1,1,7,219,-22190415,7006,0,4424847,15000,16480
DE Club 11,6,LadderGrinderBot,1,1,1,8,249,-28200061,7146,0,6009646,15000,14860
DE Club 11,7,LadderGrinderBot,1,1,1,9,279,-32520541,6706,0,4320480,15000,15440
DE Club 11,8,LadderGrinderBot,1,1,1,9,309,-36987262,9106,0,4466721,15000,12600
DE Club 11,9,LadderGrinderBot,1,1,1,10,339,-40075748,8086,0,3088486,15000,16020
DE Club 11,10,LadderGrinderBot,1,1,1,11,369,-44394339,6686,0,4318591,15000,16400
DE Club 11,11,LadderGrinderBot,1,1,1,11,399,-50035088,9286,0,5640749,15000,12400
DE Club 11,12,LadderGrinderBot,1,1,1,12,429,-55320471,9706,0,5285383,15000,14580
DE Club 11,13,LadderGrinderBot,1,1,1,12,459,-58981104,11906,0,3660633,15000,12800
DE Club 11,14,LadderGrinderBot,1,1,1,12,489,-63069260,14906,0,4088156,15000,12000
DE Club 11,15,LadderGrinderBot,1,1,1,12,519,-66749969,15506,0,3680709,15000,14400
DE Club 11,16,LadderGrinderBot,1,1,1,12,549,-69942444,19106,0,3192475,15000,11400
DE Club 11,17,LadderGrinderBot,1,1,1,12,579,-74146448,21506,0,4204004,15000,12600
DE Club 11,18,LadderGrinderBot,1,1,1,12,609,-76224900,24306,0,2078452,15000,12200
DE Club 11,19,LadderGrinderBot,1,1,1,12,639,-78911224,25506,0,2686324,15000,13800
DE Club 11,20,LadderGrinderBot,1,1,1,12,669,-83256669,27106,0,4345445,15000,13400
ES Club 14,1,ConservativeBot,1,1,2,3,117,-224401,9078,0,395280,15000,11760
ES Club 14,2,ConservativeBot,1,1,2,4,147,-224401,11338,0,0,15000,12740
ES Club 14,3,ConservativeBot,1,1,2,5,177,-224401,14418,0,0,15000,11920
ES Club 14,4,ConservativeBot,1,1,2,6,207,-224401,17318,0,0,15000,12100
ES Club 14,5,ConservativeBot,1,1,2,6,237,-224401,22318,0,0,15000,10000
ES Club 14,6,ConservativeBot,1,1,2,7,267,-224401,24038,0,0,15000,13280
ES Club 14,7,ConservativeBot,1,1,2,8,297,-224401,26578,0,0,15000,12460
ES Club 14,8,ConservativeBot,1,1,2,9,327,-224401,28938,0,0,15000,12640
ES Club 14,9,ConservativeBot,1,1,2,10,357,-224401,32118,0,0,15000,11820
ES Club 14,10,ConservativeBot,1,1,2,10,387,-224401,36118,0,0,15000,11000
ES Club 14,11,ConservativeBot,1,1,2,11,417,-224401,37118,0,0,15000,14000
ES Club 14,12,ConservativeBot,1,1,2,12,447,-224401,39938,0,0,15000,12180
ES Club 14,13,ConservativeBot,1,1,2,12,477,-224401,43938,0,0,15000,11000
ES Club 14,14,ConservativeBot,1,1,2,12,507,-224401,49938,0,0,15000,9000
ES Club 14,15,ConservativeBot,1,1,2,12,537,-224401,54938,0,0,15000,10000
ES Club 14,16,ConservativeBot,1,1,2,12,567,-224401,60938,0,0,15000,9000
ES Club 14,17,ConservativeBot,1,1,2,12,597,-224401,64938,0,0,15000,11000
ES Club 14,18,ConservativeBot,1,1,2,12,627,-224401,68938,0,0,15000,11000
ES Club 14,19,ConservativeBot,1,1,2,12,657,-224401,72938,0,0,15000,11000
ES Club 14,20,ConservativeBot,1,1,2,12,687,-224401,76938,0,0,15000,11000
ES Club 4,1,YouthFocusedBot,1,1,2,5,115,-3249268,4784,0,3389606,16600,16900
ES Club 4,2,YouthFocusedBot,1,1,2,6,145,-5945132,1684,0,2695864,15000,18100
ES Club 4,3,YouthFocusedBot,1,1,2,7,175,-11083873,304,0,5138741,15100,16480
ES Club 4,4,YouthFocusedBot,1,1,2,8,205,-15044756,1244,0,3960883,16800,15860
ES Club 4,5,YouthFocusedBot,1,1,2,9,235,-19057939,4104,0,4013183,15300,12440
ES Club 4,6,YouthFocusedBot,1,1,2,10,265,-22630013,3684,0,3572074,15000,15420
ES Club 4,7,YouthFocusedBot,1,1,2,11,295,-25847351,1884,0,3217338,15000,16800
ES Club 4,8,YouthFocusedBot,1,1,2,12,325,-29739231,4,0,3891880,15100,16980
ES Club 4,9,YouthFocusedBot,1,1,2,12,355,-33282263,2904,0,3543032,16900,14000
ES Club 4,10,YouthFocusedBot,1,1,2,12,385,-38409086,6904,0,5126823,15000,11000
ES Club 4,11,YouthFocusedBot,1,1,2,12,415,-42498635,6304,0,4089549,15000,15600
ES Club 4,12,YouthFocusedBot,1,1,2,12,445,-46485804,9104,0,3987169,15000,12200
ES Club 4,13,YouthFocusedBot,1,1,2,12,475,-49969458,11504,0,3483654,15000,12600
ES Club 4,14,YouthFocusedBot,1,1,2,12,505,-52127787,12104,0,2158329,15000,14400
ES Club 4,15,YouthFocusedBot,1,1,2,12,535,-55578202,14504,0,3450415,15000,12600
ES Club 4,16,YouthFocusedBot,1,1,2,12,565,-59118892,13904,0,3540690,15000,15600
ES Club 4,17,YouthFocusedBot,1,1,2,12,595,-62671263,17504,0,3552371,15000,11400
ES Club 4,18,YouthFocusedBot,1,1,2,12,625,-67261014,20304,0,4589751,15000,12200
ES Club 4,19,YouthFocusedBot,1,1,2,12,655,-70783931,24304,0,3522917,15000,11000
ES Club 4,20,YouthFocusedBot,1,1,2,12,685,-73907510,25904,0,3123579,15000,13400
FR Club 12,1,SocialBot,1,1,4,6,116,-1861645,7663,0,2007643,15000,11400
FR Club 12,2,SocialBot,1,1,4,7,146,-4246434,8183,0,2384789,15000,14480
FR Club 12,3,SocialBot,1,1,4,8,176,-9459705,8923,0,5213271,15000,14260
FR Club 12,4,SocialBot,1,1,4,9,206,-12882548,7483,0,3422843,15000,16440
FR Club 12,5,SocialBot,1,1,4,10,236,-15633260,8063,0,2750712,15000,14420
FR Club 12,6,SocialBot,1,1,4,11,266,-21574100,7063,0,5940840,15000,16000
FR Club 12,7,SocialBot,1,1,4,12,296,-24423993,8483,0,2849893,15000,13580
FR Club 12,8,SocialBot,1,1,4,12,326,-28509508,10683,0,4085515,15000,12800
FR Club 12,9,SocialBot,1,1,4,12,356,-34605931,12883,0,6096423,15000,12800
FR Club 12,10,SocialBot,1,1,4,12,386,-37723278,13683,0,3117347,15000,14200
FR Club 12,11,SocialBot,1,1,4,12,416,-42707883,18283,0,4984605,15000,10400
FR Club 12,12,SocialBot,1,1,4,12,446,-46900481,23083,0,4192598,15000,10200
FR Club 12,13,SocialBot,1,1,4,12,476,-49778389,25083,0,2877908,15000,13000
FR Club 12,14,SocialBot,1,1,4,12,506,-53875805,27283,0,4097416,15000,12800
FR Club 12,15,SocialBot,1,1,4,12,536,-58351512,29883,0,4475707,15000,12400
FR Club 12,16,SocialBot,1,1,4,12,566,-62608717,31683,0,4257205,15000,13200
FR Club 12,17,SocialBot,1,1,4,12,596,-67176590,36083,0,4567873,15000,10600
FR Club 12,18,SocialBot,1,1,4,12,626,-69663302,40083,0,2486712,15000,11000
FR Club 12,19,SocialBot,1,1,4,12,656,-73866536,43483,0,4203234,15000,11600
FR Club 12,20,SocialBot,1,1,4,12,686,-78037917,48083,0,4171381,15000,10400
FR Club 2,1,ConservativeBot,1,1,4,5,90,-238861,8171,0,383230,15000,11920
FR Club 2,2,ConservativeBot,1,1,4,5,120,-238861,14171,0,0,15000,9000
FR Club 2,3,ConservativeBot,1,1,4,6,150,-238861,16071,0,0,15000,13100
FR Club 2,4,ConservativeBot,1,1,4,7,180,-238861,18791,0,0,15000,12280
FR Club 2,5,ConservativeBot,1,1,4,8,210,-238861,20331,0,0,15000,13460
FR Club 2,6,ConservativeBot,1,1,4,9,240,-238861,22691,0,0,15000,12640
FR Club 2,7,ConservativeBot,1,1,4,9,270,-238861,25691,0,0,15000,12000
FR Club 2,8,ConservativeBot,1,1,4,9,300,-238861,31691,0,0,15000,9000
FR Club 2,9,ConservativeBot,1,1,4,10,330,-238861,32871,0,0,15000,13820
FR Club 2,10,ConservativeBot,1,1,4,10,360,-238861,36871,0,0,15000,11000
FR Club 2,11,ConservativeBot,1,1,4,10,390,-238861,40871,0,0,15000,11000
FR Club 2,12,ConservativeBot,1,1,4,11,420,-238861,41871,0,0,15000,14000
FR Club 2,13,ConservativeBot,1,1,4,12,450,-238861,41691,0,0,15000,15180
FR Club 2,14,ConservativeBot,1,1,4,12,480,-238861,46691,0,0,15000,10000
FR Club 2,15,ConservativeBot,1,1,4,12,510,-238861,50691,0,0,15000,11000
FR Club 2,16,ConservativeBot,1,1,4,12,540,-238861,54691,0,0,15000,11000
FR Club 2,17,ConservativeBot,1,1,4,12,570,-238861,59691,0,0,15000,10000
FR Club 2,18,ConservativeBot,1,1,4,12,600,-238861,62691,0,0,15000,12000
FR Club 2,19,ConservativeBot,1,1,4,12,630,-238861,67691,0,0,15000,10000
FR Club 2,20,ConservativeBot,1,1,4,12,660,-238861,72691,0,0,15000,10000
IT Club 13,1,NewManagerBot,1,1,4,4,112,-4936968,4089,0,5107987,15000,15940
IT Club 13,2,NewManagerBot,1,1,4,4,142,-8580399,7489,0,3643431,15000,11600
IT Club 13,3,NewManagerBot,1,1,4,5,172,-10887409,8369,0,2307010,15000,14120
IT Club 13,4,NewManagerBot,1,1,4,5,202,-14605858,9569,0,3718449,15000,13800
IT Club 13,5,NewManagerBot,1,1,4,5,232,-19815873,10169,0,5210015,15000,14400
IT Club 13,6,NewManagerBot,1,1,4,5,262,-23197111,9969,0,3381238,15000,15200
IT Club 13,7,NewManagerBot,1,1,4,6,292,-29852692,7869,0,6655581,15000,17100
IT Club 13,8,NewManagerBot,1,1,4,6,322,-35808615,10069,0,5955923,15000,12800
IT Club 13,9,NewManagerBot,1,1,4,7,352,-40369454,9189,0,4560839,15000,15880
IT Club 13,10,NewManagerBot,1,1,4,8,382,-44155944,10129,0,3786490,15000,14060
IT Club 13,11,NewManagerBot,1,1,4,9,412,-48207104,10089,0,4051160,15000,15040
IT Club 13,12,NewManagerBot,1,1,4,10,442,-54344129,8869,0,6137025,15000,16220
IT Club 13,13,NewManagerBot,1,1,4,11,472,-56615261,7469,0,2271132,15000,16400
IT Club 13,14,NewManagerBot,1,1,4,12,502,-59180503,6089,0,2565242,15000,16380
IT Club 13,15,NewManagerBot,1,1,4,12,532,-65071751,8689,0,5891248,15000,12400
IT Club 13,16,NewManagerBot,1,1,4,12,562,-70414040,11689,0,5342289,15000,12000
IT Club 13,17,NewManagerBot,1,1,4,12,592,-72969613,15489,0,2555573,15000,11200
IT Club 13,18,NewManagerBot,1,1,4,12,622,-75957510,19489,0,2987897,15000,11000
IT Club 13,19,NewManagerBot,1,1,4,12,652,-80437235,22889,0,4479725,15000,11600
IT Club 13,20,NewManagerBot,1,1,4,12,682,-83111345,24689,0,2674110,15000,13200
IT Club 3,1,AggressiveTraderBot,1,1,3,4,88,-3068010,1617,0,3239518,19500,22400
IT Club 3,2,AggressiveTraderBot,1,1,3,4,118,-8135409,1417,0,5067399,17600,17800
IT Club 3,3,AggressiveTraderBot,1,1,3,5,148,-12171418,1097,0,4036009,15200,15520
IT Club 3,4,AggressiveTraderBot,1,1,3,5,178,-17966074,1997,0,5794656,16500,15600
IT Club 3,5,AggressiveTraderBot,1,1,3,5,208,-22139480,1497,0,4173406,15100,15600
IT Club 3,6,AggressiveTraderBot,1,1,3,5,238,-30006690,2397,0,7867210,16500,15600
IT Club 3,7,AggressiveTraderBot,1,1,3,5,268,-37399052,1797,0,7392362,16000,16600
IT Club 3,8,AggressiveTraderBot,1,1,3,5,298,-47076762,2897,0,9677710,15100,14000
IT Club 3,9,AggressiveTraderBot,1,1,3,6,328,-53112091,797,0,6035329,15000,17100
IT Club 3,10,AggressiveTraderBot,1,1,3,6,358,-60272652,1897,0,7160561,19700,18600
IT Club 3,11,AggressiveTraderBot,1,1,3,6,388,-69657520,1397,0,9384868,15900,16400
IT Club 3,12,AggressiveTraderBot,1,1,3,7,418,-76389848,517,0,6732328,15800,16680
IT Club 3,13,AggressiveTraderBot,1,1,3,7,448,-83826793,1317,0,7436945,17800,17000
IT Club 3,14,AggressiveTraderBot,1,1,3,7,478,-89403033,1517,0,5576240,17400,17200
IT Club 3,15,AggressiveTraderBot,1,1,3,8,508,-96490326,57,0,7087293,15600,17060
IT Club 3,16,AggressiveTraderBot,1,1,3,8,538,-104195695,1357,0,7705369,17700,16400
IT Club 3,17,AggressiveTraderBot,1,1,3,8,568,-112677272,1757,0,8481577,16400,16000
IT Club 3,18,AggressiveTraderBot,1,1,3,8,598,-120766015,1457,0,8088743,17500,17800
IT Club 3,19,AggressiveTraderBot,1,1,3,8,628,-126196041,1557,0,5430026,15900,15800
IT Club 3,20,AggressiveTraderBot,1,1,3,8,658,-130804439,2157,0,4608398,17000,16400
NL Club 15,1,AggressiveTraderBot,1,1,1,3,108,-5654749,2050,0,5826700,15800,18200
NL Club 15,2,AggressiveTraderBot,1,1,1,3,138,-11689551,1550,0,6034802,16700,17200
NL Club 15,3,AggressiveTraderBot,1,1,1,4,168,-20454804,910,0,8765253,16500,17140
NL Club 15,4,AggressiveTraderBot,1,1,1,4,198,-28947699,1610,0,8492895,17700,17000
NL Club 15,5,AggressiveTraderBot,1,1,1,4,228,-35521021,1710,0,6573322,18100,18000
NL Club 15,6,AggressiveTraderBot,1,1,1,4,258,-42044482,1210,0,6523461,17700,18200
NL Club 15,7,AggressiveTraderBot,1,1,1,4,288,-45110985,2110,0,3066503,17100,16200
NL Club 15,8,AggressiveTraderBot,1,1,1,5,318,-50837955,990,0,5726970,15000,16120
NL Club 15,9,AggressiveTraderBot,1,1,1,5,348,-59359679,1790,0,8521724,17800,17000
NL Club 15,10,AggressiveTraderBot,1,1,1,5,378,-64911206,2290,0,5551527,16100,15600
NL Club 15,11,AggressiveTraderBot,1,1,1,5,408,-69643296,2090,0,4732090,15800,16000
NL Club 15,12,AggressiveTraderBot,1,1,1,5,438,-75446589,2290,0,5803293,17600,17400
NL Club 15,13,AggressiveTraderBot,1,1,1,6,468,-80636984,1090,0,5190395,15700,16900
NL Club 15,14,AggressiveTraderBot,1,1,1,6,498,-86722029,1690,0,6085045,18200,17600
NL Club 15,15,AggressiveTraderBot,1,1,1,6,528,-94495052,1690,0,7773023,17200,17200
NL Club 15,16,AggressiveTraderBot,1,1,1,6,558,-99533068,1490,0,5038016,15400,15600
NL Club 15,17,AggressiveTraderBot,1,1,1,6,588,-105929554,1590,0,6396486,16700,16600
NL Club 15,18,AggressiveTraderBot,1,1,1,6,618,-113153529,1690,0,7223975,17700,17600
NL Club 15,19,AggressiveTraderBot,1,1,1,6,648,-118785066,2190,0,5631537,17500,17000
NL Club 15,20,AggressiveTraderBot,1,1,1,6,678,-125376094,1490,0,6591028,16100,16800
NL Club 5,1,LadderGrinderBot,1,1,3,5,77,-5478219,5716,0,5621298,15000,15120
NL Club 5,2,LadderGrinderBot,1,1,3,5,107,-8468360,9116,0,2990141,15000,11600
NL Club 5,3,LadderGrinderBot,1,1,3,6,137,-11695569,5616,0,3227209,15000,18500
NL Club 5,4,LadderGrinderBot,1,1,3,6,167,-16029225,7816,0,4333656,15000,12800
NL Club 5,5,LadderGrinderBot,1,1,3,7,197,-18855391,8536,0,2826166,15000,14280
NL Club 5,6,LadderGrinderBot,1,1,3,8,227,-23048979,9076,0,4193588,15000,14460
NL Club 5,7,LadderGrinderBot,1,1,3,9,257,-27277593,9436,0,4228614,15000,14640
NL Club 5,8,LadderGrinderBot,1,1,3,10,287,-31591456,8816,0,4313863,15000,15620
NL Club 5,9,LadderGrinderBot,1,1,3,11,317,-34758893,7416,0,3167437,15000,16400
NL Club 5,10,LadderGrinderBot,1,1,3,11,347,-38805369,9616,0,4046476,15000,12800
NL Club 5,11,LadderGrinderBot,1,1,3,11,377,-44390962,10016,0,5585593,15000,14600
NL Club 5,12,LadderGrinderBot,1,1,3,12,407,-48778515,10236,0,4387553,15000,14780
NL Club 5,13,LadderGrinderBot,1,1,3,12,437,-52561738,10836,0,3783223,15000,14400
NL Club 5,14,LadderGrinderBot,1,1,3,12,467,-56080500,13436,0,3518762,15000,12400
NL Club 5,15,LadderGrinderBot,1,1,3,12,497,-62006390,15436,0,5925890,15000,13000
NL Club 5,16,LadderGrinderBot,1,1,3,12,527,-66079419,15436,0,4073029,15000,15000
NL Club 5,17,LadderGrinderBot,1,1,3,12,557,-68323943,19836,0,2244524,15000,10600
NL Club 5,18,LadderGrinderBot,1,1,3,12,587,-71453280,21436,0,3129337,15000,13400
NL Club 5,19,LadderGrinderBot,1,1,3,12,617,-77735979,24436,0,6282699,15000,12000
NL Club 5,20,LadderGrinderBot,1,1,3,12,647,-83974410,25436,0,6238431,15000,14000
PL Club 16,1,YouthFocusedBot,1,1,4,6,118,-4779765,1047,0,4917266,16100,20000
PL Club 16,2,YouthFocusedBot,1,1,4,7,148,-8429857,767,0,3650092,16200,16480
PL Club 16,3,YouthFocusedBot,1,1,4,8,178,-12635899,1707,0,4206042,16200,15260
PL Club 16,4,YouthFocusedBot,1,1,4,9,208,-19778168,3767,0,7142269,15100,13040
PL Club 16,5,YouthFocusedBot,1,1,4,10,238,-24330539,2147,0,4552371,15000,16620
PL Club 16,6,YouthFocusedBot,1,1,4,11,268,-29625881,1547,0,5295342,15200,15800
PL Club 16,7,YouthFocusedBot,1,1,4,11,298,-34720869,4747,0,5094988,15400,12200
PL Club 16,8,YouthFocusedBot,1,1,4,12,328,-38968467,2167,0,4247598,15000,17580
PL Club 16,9,YouthFocusedBot,1,1,4,12,358,-41679381,5967,0,2710914,15000,11200
PL Club 16,10,YouthFocusedBot,1,1,4,12,388,-46094401,6967,0,4415020,15000,14000
PL Club 16,11,YouthFocusedBot,1,1,4,12,418,-48932929,7167,0,2838528,15000,14800
PL Club 16,12,YouthFocusedBot,1,1,4,12,448,-52863847,8567,0,3930918,15000,13600
PL Club 16,13,YouthFocusedBot,1,1,4,12,478,-57433719,10967,0,4569872,15000,12600
PL Club 16,14,YouthFocusedBot,1,1,4,12,508,-61338390,12967,0,3904671,15000,13000
PL Club 16,15,YouthFocusedBot,1,1,4,12,538,-64819543,14167,0,3481153,15000,13800
PL Club 16,16,YouthFocusedBot,1,1,4,12,568,-69541819,16767,0,4722276,15000,12400
PL Club 16,17,YouthFocusedBot,1,1,4,12,598,-75215005,18367,0,5673186,15000,13400
PL Club 16,18,YouthFocusedBot,1,1,4,12,628,-78407233,20367,0,3192228,15000,13000
PL Club 16,19,YouthFocusedBot,1,1,4,12,658,-81894949,22967,0,3487716,15000,12400
PL Club 16,20,YouthFocusedBot,1,1,4,12,688,-86277136,25167,0,4382187,15000,12800
PL Club 6,1,SocialBot,1,1,4,4,84,-2993001,8566,0,3142750,15000,11000
PL Club 6,2,SocialBot,1,1,4,4,114,-6578467,11166,0,3585466,15000,12400
PL Club 6,3,SocialBot,1,1,4,5,144,-9286441,12646,0,2707974,15000,13520
PL Club 6,4,SocialBot,1,1,4,6,174,-12083937,13346,0,2797496,15000,14300
PL Club 6,5,SocialBot,1,1,4,6,204,-17444547,16546,0,5360610,15000,11800
PL Club 6,6,SocialBot,1,1,4,7,234,-21419171,16066,0,3974624,15000,15480
PL Club 6,7,SocialBot,1,1,4,7,264,-24405481,19266,0,2986310,15000,11800
PL Club 6,8,SocialBot,1,1,4,8,294,-27154924,19806,0,2749443,15000,14460
PL Club 6,9,SocialBot,1,1,4,9,324,-31404691,19566,0,4249767,15000,15240
PL Club 6,10,SocialBot,1,1,4,10,354,-35122220,20346,0,3717529,15000,14220
PL Club 6,11,SocialBot,1,1,4,10,384,-37852676,22146,0,2730456,15000,13200
PL Club 6,12,SocialBot,1,1,4,10,414,-44404447,25146,0,6551771,15000,12000
PL Club 6,13,SocialBot,1,1,4,11,444,-48502204,25346,0,4097757,15000,14800
PL Club 6,14,SocialBot,1,1,4,12,474,-51391998,24966,0,2889794,15000,15380
PL Club 6,15,SocialBot,1,1,4,12,504,-56654069,26566,0,5262071,15000,13400
PL Club 6,16,SocialBot,1,1,4,12,534,-60136984,29166,0,3482915,15000,12400
PL Club 6,17,SocialBot,1,1,4,12,564,-64034162,30366,0,3897178,15000,13800
PL Club 6,18,SocialBot,1,1,4,12,594,-68696444,33766,0,4662282,15000,11600
PL Club 6,19,SocialBot,1,1,4,12,624,-71186557,36566,0,2490113,15000,12200
PL Club 6,20,SocialBot,1,1,4,12,654,-73978905,40166,0,2792348,15000,11400
PT Club 10,1,YouthFocusedBot,1,1,4,4,91,-1906931,3256,0,2057822,16100,18240
PT Club 10,2,YouthFocusedBot,1,1,4,5,121,-6366711,2736,0,4459780,15000,15520
PT Club 10,3,YouthFocusedBot,1,1,4,5,151,-10676262,5936,0,4309551,15000,11800
PT Club 10,4,YouthFocusedBot,1,1,4,6,181,-15012028,3436,0,4335766,15000,17500
PT Club 10,5,YouthFocusedBot,1,1,4,7,211,-21704576,3356,0,6692548,15000,15080
PT Club 10,6,YouthFocusedBot,1,1,4,8,241,-26505860,3296,0,4801284,15000,15060
PT Club 10,7,YouthFocusedBot,1,1,4,9,271,-29428392,656,0,2922532,15000,17640
PT Club 10,8,YouthFocusedBot,1,1,4,9,301,-33804065,5256,0,4375673,15800,11200
PT Club 10,9,YouthFocusedBot,1,1,4,10,331,-38213006,2836,0,4408941,15000,17420
PT Club 10,10,YouthFocusedBot,1,1,4,10,361,-42229940,4236,0,4016934,15000,13600
PT Club 10,11,YouthFocusedBot,1,1,4,11,391,-47239436,1836,0,5009496,15000,17400
PT Club 10,12,YouthFocusedBot,1,1,4,12,421,-51999827,756,0,4760391,15100,16180
PT Club 10,13,YouthFocusedBot,1,1,4,12,451,-55457970,4856,0,3458143,16100,12000
PT Club 10,14,YouthFocusedBot,1,1,4,12,481,-59189965,8056,0,3731995,15000,11800
PT Club 10,15,YouthFocusedBot,1,1,4,12,511,-61274458,11256,0,2084493,15000,11800
PT Club 10,16,YouthFocusedBot,1,1,4,12,541,-62820699,13856,0,1546241,15000,12400
PT Club 10,17,YouthFocusedBot,1,1,4,12,571,-66648624,18056,0,3827925,15000,10800
PT Club 10,18,YouthFocusedBot,1,1,4,12,601,-71697679,20256,0,5049055,15000,12800
PT Club 10,19,YouthFocusedBot,1,1,4,12,631,-74693563,21856,0,2995884,15000,13400
PT Club 10,20,YouthFocusedBot,1,1,4,12,661,-75638366,23656,0,944803,15000,13200
